@dsr-rollback-heare-ossia-nides-dhals/dsr-package-public-heare-ossia-nides-dhals
@dsr-rollback-heedy-gules-sizer-ropey/dsr-rollback-heedy-gules-sizer-ropey
@dsr-rollback-heels-poots-dutch-silly/dsr-rollback-heels-poots-dutch-silly
@dsr-rollback-hewgh-bwana-stoai-reded/dsr-rollback-hewgh-bwana-stoai-reded
@dsr-rollback-hiant-heeze-moist-goats/dsr-package-public-hiant-heeze-moist-goats
@dsr-rollback-hided-adzes-disks-hongi/dsr-rollback-hided-adzes-disks-hongi
@dsr-rollback-hider-jaunt-ictal-zebub/dsr-rollback-hider-jaunt-ictal-zebub
@dsr-rollback-hight-molto-brava-luvvy/dsr-package-public-hight-molto-brava-luvvy
@dsr-rollback-hijra-admin-powan-spree/dsr-rollback-hijra-admin-powan-spree
@dsr-rollback-hilus-stall-thilk-seans/dsr-rollback-hilus-stall-thilk-seans
@dsr-rollback-hired-tract-mixed-guans/dsr-package-public-hired-tract-mixed-guans
@dsr-rollback-hobby-virga-nerdy-hogen/dsr-rollback-hobby-virga-nerdy-hogen
@dsr-rollback-hobby-yelts-known-quipu/dsr-rollback-hobby-yelts-known-quipu
@dsr-rollback-hokey-rejig-poove-torsi/dsr-package-public-hokey-rejig-poove-torsi
@dsr-rollback-holly-palsy-dater-going/dsr-package-public-holly-palsy-dater-going
@dsr-rollback-homey-rieve-breed-fendy/dsr-rollback-homey-rieve-breed-fendy
@dsr-rollback-homme-stark-yells-gaffs/dsr-rollback-homme-stark-yells-gaffs
@dsr-rollback-homme-valse-legit-blued/dsr-package-public-homme-valse-legit-blued
@dsr-rollback-honky-stens-karma-rumba/dsr-rollback-honky-stens-karma-rumba
@dsr-rollback-hoods-raile-fines-cogie/dsr-rollback-hoods-raile-fines-cogie
@dsr-rollback-hooka-chota-gamay-hided/dsr-rollback-hooka-chota-gamay-hided
@dsr-rollback-hoped-clift-razor-dixie/dsr-rollback-hoped-clift-razor-dixie
@dsr-rollback-hovel-ergot-xylyl-dance/dsr-rollback-hovel-ergot-xylyl-dance
@dsr-rollback-huffy-compo-jaspe-stiff/dsr-package-public-huffy-compo-jaspe-stiff
@dsr-rollback-humor-acute-favor-fordo/dsr-package-public-humor-acute-favor-fordo
@dsr-rollback-hurly-estop-boles-deism/dsr-package-public-hurly-estop-boles-deism
@dsr-rollback-hurst-colas-oozes-waved/dsr-package-public-hurst-colas-oozes-waved
@dsr-rollback-hyoid-clean-burps-paves/dsr-package-public-hyoid-clean-burps-paves
@dsr-rollback-hyrax-pilei-civet-quops/dsr-rollback-hyrax-pilei-civet-quops
@dsr-rollback-iambi-squid-pends-dicta/dsr-rollback-iambi-squid-pends-dicta
@dsr-rollback-icons-grasp-pouke-evict/dsr-rollback-icons-grasp-pouke-evict
@dsr-rollback-icons-tipsy-epopt-beano/dsr-rollback-icons-tipsy-epopt-beano
@dsr-rollback-ideas-cains-proos-sates/dsr-rollback-ideas-cains-proos-sates
@dsr-rollback-incle-ceils-swats-doted/dsr-rollback-incle-ceils-swats-doted
@dsr-rollback-infer-burst-troll-aldea/dsr-rollback-infer-burst-troll-aldea
@dsr-rollback-inlet-downy-lanky-diene/dsr-package-public-inlet-downy-lanky-diene
@dsr-rollback-inner-scorn-leres-image/dsr-rollback-inner-scorn-leres-image
@dsr-rollback-inust-bayle-verbs-glugs/dsr-package-public-inust-bayle-verbs-glugs
@dsr-rollback-inust-monte-igloo-nisei/dsr-package-public-inust-monte-igloo-nisei
@dsr-rollback-inwit-covet-vines-gnome/dsr-package-public-inwit-covet-vines-gnome
@dsr-rollback-islet-sleek-upsey-canon/dsr-rollback-islet-sleek-upsey-canon
@dsr-rollback-ivied-emend-knurr-arbor/dsr-package-public-ivied-emend-knurr-arbor
@dsr-rollback-jammy-ankhs-aural-compt/dsr-rollback-jammy-ankhs-aural-compt
@dsr-rollback-jawed-roses-carte-saist/dsr-rollback-jawed-roses-carte-saist
@dsr-rollback-jiaos-snuck-edged-lings/dsr-rollback-jiaos-snuck-edged-lings
@dsr-rollback-jimpy-noyes-scuts-agoge/dsr-rollback-jimpy-noyes-scuts-agoge
@dsr-rollback-jirga-thick-orate-crate/dsr-rollback-jirga-thick-orate-crate
@dsr-rollback-jiver-dhows-gemma-paves/dsr-rollback-jiver-dhows-gemma-paves
@dsr-rollback-jiver-minim-betas-besit/dsr-rollback-jiver-minim-betas-besit
@dsr-rollback-jocko-gleys-peaks-saist/dsr-rollback-jocko-gleys-peaks-saist
@dsr-rollback-jocks-image-feint-saiga/dsr-package-public-jocks-image-feint-saiga
@dsr-rollback-joeys-drier-curry-gloop/dsr-package-public-joeys-drier-curry-gloop
@dsr-rollback-jolty-pansy-lowly-tagma/dsr-rollback-jolty-pansy-lowly-tagma
@dsr-rollback-jooks-mulse-boree-paper/dsr-rollback-jooks-mulse-boree-paper
@dsr-rollback-jotun-locks-ideal-washy/dsr-rollback-jotun-locks-ideal-washy
@dsr-rollback-joual-canst-verst-douar/dsr-rollback-joual-canst-verst-douar
@dsr-rollback-jougs-wodge-unket-kylie/dsr-package-public-jougs-wodge-unket-kylie
@dsr-rollback-judas-amici-delta-floes/dsr-rollback-judas-amici-delta-floes
@dsr-rollback-jumar-telic-ticks-matte/dsr-rollback-jumar-telic-ticks-matte
@dsr-rollback-jumbo-paiks-frump-unlit/dsr-package-public-jumbo-paiks-frump-unlit
@dsr-rollback-junks-linen-honky-ought/dsr-rollback-junks-linen-honky-ought
@dsr-rollback-junta-slipe-coots-scuds/dsr-rollback-junta-slipe-coots-scuds
@dsr-rollback-juror-hicks-gable-coops/dsr-package-public-juror-hicks-gable-coops
@dsr-rollback-kaifs-stamp-modii-seize/dsr-package-public-kaifs-stamp-modii-seize
@dsr-rollback-karts-armet-dupes-staff/dsr-package-public-karts-armet-dupes-staff
@dsr-rollback-kasha-dauds-bunts-azury/dsr-package-public-kasha-dauds-bunts-azury
@dsr-rollback-kauri-signs-myoma-retch/dsr-rollback-kauri-signs-myoma-retch
@dsr-rollback-kauri-urger-ropes-jerid/dsr-rollback-kauri-urger-ropes-jerid
@dsr-rollback-kazis-bites-speos-yacht/dsr-rollback-kazis-bites-speos-yacht
@dsr-rollback-kecks-untax-fents-guaco/dsr-rollback-kecks-untax-fents-guaco
@dsr-rollback-keeks-rases-kyang-paver/dsr-rollback-keeks-rases-kyang-paver
@dsr-rollback-kelim-torse-faery-chasm/dsr-rollback-kelim-torse-faery-chasm
@dsr-rollback-kells-privy-paces-sushi/dsr-package-public-kells-privy-paces-sushi
@dsr-rollback-kelty-skoal-upled-bawdy/dsr-rollback-kelty-skoal-upled-bawdy
@dsr-rollback-kenaf-waldo-telly-erses/dsr-rollback-kenaf-waldo-telly-erses
@dsr-rollback-kerfs-guyed-beats-mumps/dsr-rollback-kerfs-guyed-beats-mumps
@dsr-rollback-kevel-cedes-rotor-clegs/dsr-package-public-kevel-cedes-rotor-clegs
@dsr-rollback-khadi-vakil-three-pixed/dsr-rollback-khadi-vakil-three-pixed
@dsr-rollback-khats-burly-catch-bawds/dsr-package-public-khats-burly-catch-bawds
@dsr-rollback-kinin-ephod-cecal-lough/dsr-rollback-kinin-ephod-cecal-lough
@dsr-rollback-kinos-stoai-ponga-teras/dsr-rollback-kinos-stoai-ponga-teras
@dsr-rollback-kipps-visas-bidon-figos/dsr-package-public-kipps-visas-bidon-figos
@dsr-rollback-kirks-opens-rotal-azans/dsr-package-public-kirks-opens-rotal-azans
@dsr-rollback-kites-crits-foamy-hokey/dsr-package-public-kites-crits-foamy-hokey
@dsr-rollback-kitty-stupe-blees-duroy/dsr-rollback-kitty-stupe-blees-duroy
@dsr-rollback-klutz-ginks-demos-arena/dsr-rollback-klutz-ginks-demos-arena
@dsr-rollback-knaps-piker-yince-herma/dsr-rollback-knaps-piker-yince-herma
@dsr-rollback-knarl-doped-cists-bowed/dsr-rollback-knarl-doped-cists-bowed
@dsr-rollback-knead-egged-quilt-tasty/dsr-package-public-knead-egged-quilt-tasty
@dsr-rollback-knelt-deave-gales-kalis/dsr-rollback-knelt-deave-gales-kalis
@dsr-rollback-knowe-frond-verts-ember/dsr-rollback-knowe-frond-verts-ember
@dsr-rollback-knurr-hinds-goats-drama/dsr-package-public-knurr-hinds-goats-drama
@dsr-rollback-kolos-wedgy-facer-hollo/dsr-rollback-kolos-wedgy-facer-hollo
@dsr-rollback-kopje-yelps-cleek-tenue/dsr-rollback-kopje-yelps-cleek-tenue
@dsr-rollback-kores-hiyas-kulak-niton/dsr-package-public-kores-hiyas-kulak-niton
@dsr-rollback-kores-vanes-debar-crows/dsr-rollback-kores-vanes-debar-crows
@dsr-rollback-krait-chart-zygon-amply/dsr-package-public-krait-chart-zygon-amply
@dsr-rollback-krang-feres-hoist-rouge/dsr-package-public-krang-feres-hoist-rouge
@dsr-rollback-krone-mitch-earns-nancy/dsr-rollback-krone-mitch-earns-nancy
@dsr-rollback-kurta-dolts-treed-goaty/dsr-rollback-kurta-dolts-treed-goaty
@dsr-rollback-kutch-jiaos-targe-reccy/dsr-package-public-kutch-jiaos-targe-reccy
@dsr-rollback-kyang-masks-staph-lames/dsr-rollback-kyang-masks-staph-lames
@dsr-rollback-lager-honks-saint-heist/dsr-rollback-lager-honks-saint-heist
@dsr-rollback-lames-wries-tided-gleby/dsr-package-public-lames-wries-tided-gleby
@dsr-rollback-lammy-alaap-gesso-makos/dsr-package-public-lammy-alaap-gesso-makos
@dsr-rollback-lande-dread-looby-zobos/dsr-rollback-lande-dread-looby-zobos
@dsr-rollback-lanky-atopy-taunt-weber/dsr-package-public-lanky-atopy-taunt-weber
@dsr-rollback-lares-botch-clops-doily/dsr-rollback-lares-botch-clops-doily
@dsr-rollback-lassu-uredo-glens-podge/dsr-package-public-lassu-uredo-glens-podge
@dsr-rollback-latke-stool-ruble-chary/dsr-rollback-latke-stool-ruble-chary
@dsr-rollback-lawks-codon-sorbs-dazes/dsr-package-public-lawks-codon-sorbs-dazes
@dsr-rollback-leach-crime-swack-segue/dsr-rollback-leach-crime-swack-segue
@dsr-rollback-learn-telos-mares-sonar/dsr-rollback-learn-telos-mares-sonar
@dsr-rollback-leeps-draft-fonts-bitts/dsr-rollback-leeps-draft-fonts-bitts
@dsr-rollback-lefts-waive-barge-grunt/dsr-rollback-lefts-waive-barge-grunt
@dsr-rollback-lemma-penks-sully-pikas/dsr-rollback-lemma-penks-sully-pikas
@dsr-rollback-lemur-fents-tunes-xoana/dsr-package-public-lemur-fents-tunes-xoana
@dsr-rollback-lenis-patte-karri-taces/dsr-rollback-lenis-patte-karri-taces
@dsr-rollback-lepid-sorda-rindy-moued/dsr-rollback-lepid-sorda-rindy-moued
@dsr-rollback-levee-wries-dreck-infra/dsr-package-public-levee-wries-dreck-infra
@dsr-rollback-lezes-lilac-ramus-sorer/dsr-package-public-lezes-lilac-ramus-sorer
@dsr-rollback-lieus-choke-parol-gamme/dsr-rollback-lieus-choke-parol-gamme
@dsr-rollback-lieus-palla-fille-trews/dsr-rollback-lieus-palla-fille-trews
@dsr-rollback-ligne-boats-sneds-valet/dsr-package-public-ligne-boats-sneds-valet
@dsr-rollback-lirks-naggy-flaws-piste/dsr-package-public-lirks-naggy-flaws-piste
@dsr-rollback-lobed-luted-arena-proud/dsr-package-public-lobed-luted-arena-proud
@dsr-rollback-locus-ashen-lythe-nappa/dsr-package-public-locus-ashen-lythe-nappa
@dsr-rollback-loden-welly-corbe-poral/dsr-rollback-loden-welly-corbe-poral
@dsr-rollback-logan-hocus-slake-chimp/dsr-package-public-logan-hocus-slake-chimp
@dsr-rollback-lolly-gappy-mazut-leats/dsr-rollback-lolly-gappy-mazut-leats
@dsr-rollback-loons-tweet-cosed-width/dsr-rollback-loons-tweet-cosed-width
@dsr-rollback-loran-atoms-zoism-kakis/dsr-rollback-loran-atoms-zoism-kakis
@dsr-rollback-loran-bison-riggs-wodge/dsr-rollback-loran-bison-riggs-wodge
@dsr-rollback-lorel-genus-robed-feods/dsr-rollback-lorel-genus-robed-feods
@dsr-rollback-loris-twirp-bingo-sucre/dsr-package-public-loris-twirp-bingo-sucre
@dsr-rollback-lorry-mhorr-chewy-binks/dsr-rollback-lorry-mhorr-chewy-binks
@dsr-rollback-losel-bever-augur-mules/dsr-rollback-losel-bever-augur-mules
@dsr-rollback-loser-carve-tumid-buhls/dsr-rollback-loser-carve-tumid-buhls
@dsr-rollback-lotah-reeve-blays-abies/dsr-rollback-lotah-reeve-blays-abies
@dsr-rollback-loury-ethic-aptly-write/dsr-rollback-loury-ethic-aptly-write
@dsr-rollback-lowes-whelp-thilk-girrs/dsr-rollback-lowes-whelp-thilk-girrs
@dsr-rollback-loyal-capes-quell-sabra/dsr-package-public-loyal-capes-quell-sabra
@dsr-rollback-lumen-flint-micas-sikes/dsr-rollback-lumen-flint-micas-sikes
@dsr-rollback-lupus-guild-sorgo-basis/dsr-rollback-lupus-guild-sorgo-basis
@dsr-rollback-lupus-rotes-ekkas-siren/dsr-rollback-lupus-rotes-ekkas-siren
@dsr-rollback-lured-ebbed-phony-zinco/dsr-rollback-lured-ebbed-phony-zinco
@dsr-rollback-lurid-verst-fasci-lades/dsr-rollback-lurid-verst-fasci-lades
@dsr-rollback-lurry-elvan-tubas-gluer/dsr-package-public-lurry-elvan-tubas-gluer
@dsr-rollback-lutes-mokes-sugar-souks/dsr-rollback-lutes-mokes-sugar-souks
@dsr-rollback-lycee-drabs-thens-irony/dsr-rollback-lycee-drabs-thens-irony
@dsr-rollback-lyssa-bunks-spale-spirt/dsr-rollback-lyssa-bunks-spale-spirt
@dsr-rollback-madge-prase-kempt-patsy/dsr-rollback-madge-prase-kempt-patsy
@dsr-rollback-madge-stell-never-pound/dsr-rollback-madge-stell-never-pound
@dsr-rollback-magus-popsy-wries-seedy/dsr-rollback-magus-popsy-wries-seedy
@dsr-rollback-mahwa-guilt-limps-brens/dsr-rollback-mahwa-guilt-limps-brens
@dsr-rollback-mahwa-knock-dolts-dhows/dsr-rollback-mahwa-knock-dolts-dhows
@dsr-rollback-makos-terai-twals-plate/dsr-rollback-makos-terai-twals-plate
@dsr-rollback-males-gemmy-flags-tills/dsr-rollback-males-gemmy-flags-tills
@dsr-rollback-malts-stage-faxed-tewel/dsr-rollback-malts-stage-faxed-tewel
@dsr-rollback-malva-bathe-culet-ganja/dsr-rollback-malva-bathe-culet-ganja
@dsr-rollback-mammy-speel-ached-final/dsr-rollback-mammy-speel-ached-final
@dsr-rollback-mania-daisy-naker-odeum/dsr-package-public-mania-daisy-naker-odeum
@dsr-rollback-manor-trigs-befog-skink/dsr-package-public-manor-trigs-befog-skink
@dsr-rollback-manto-koppa-scoff-mavin/dsr-package-public-manto-koppa-scoff-mavin
@dsr-rollback-maple-ugged-derby-chert/dsr-package-public-maple-ugged-derby-chert
@dsr-rollback-marls-pyxes-unpay-vinas/dsr-rollback-marls-pyxes-unpay-vinas
@dsr-rollback-mased-stamp-liven-alods/dsr-rollback-mased-stamp-liven-alods
@dsr-rollback-matey-comae-amiss-saver/dsr-rollback-matey-comae-amiss-saver
@dsr-rollback-matzo-cardy-hubby-lefte/dsr-package-public-matzo-cardy-hubby-lefte
@dsr-rollback-mavin-buret-abide-richt/dsr-rollback-mavin-buret-abide-richt
@dsr-rollback-mawky-pound-dolts-lowns/dsr-rollback-mawky-pound-dolts-lowns
@dsr-rollback-maxis-fight-jabot-filmy/dsr-rollback-maxis-fight-jabot-filmy
@dsr-rollback-maxis-poind-coyer-frize/dsr-rollback-maxis-poind-coyer-frize
@dsr-rollback-maybe-tuxes-glues-idant/dsr-rollback-maybe-tuxes-glues-idant
@dsr-rollback-meant-mardy-paisa-dhobi/dsr-rollback-meant-mardy-paisa-dhobi
@dsr-rollback-melik-traps-sopor-staid/dsr-rollback-melik-traps-sopor-staid
@dsr-rollback-melts-calmy-scaff-ritts/dsr-package-public-melts-calmy-scaff-ritts
@dsr-rollback-mengs-hyena-edite-dorky/dsr-package-public-mengs-hyena-edite-dorky
@dsr-rollback-mense-proke-frown-sithe/dsr-rollback-mense-proke-frown-sithe
@dsr-rollback-merks-minge-dream-rills/dsr-rollback-merks-minge-dream-rills
@dsr-rollback-mesel-tardy-birls-boody/dsr-package-public-mesel-tardy-birls-boody
@dsr-rollback-meths-vivat-dojos-fatly/dsr-rollback-meths-vivat-dojos-fatly
@dsr-rollback-metol-taiga-lurch-earth/dsr-package-public-metol-taiga-lurch-earth
@dsr-rollback-metro-girrs-tonal-skier/dsr-rollback-metro-girrs-tonal-skier
@dsr-rollback-meuse-revet-liefs-covin/dsr-rollback-meuse-revet-liefs-covin
@dsr-rollback-mewed-dobra-flood-zoril/dsr-rollback-mewed-dobra-flood-zoril
@dsr-rollback-miaou-lunts-reals-pimps/dsr-rollback-miaou-lunts-reals-pimps
@dsr-rollback-micra-zilas-whats-broom/dsr-rollback-micra-zilas-whats-broom
@dsr-rollback-milks-clerk-skirt-fetal/dsr-rollback-milks-clerk-skirt-fetal
@dsr-rollback-milks-mujik-saist-crays/dsr-package-public-milks-mujik-saist-crays
@dsr-rollback-milks-repla-rykes-xylyl/dsr-rollback-milks-repla-rykes-xylyl
@dsr-rollback-mimed-vinas-zoist-abore/dsr-rollback-mimed-vinas-zoist-abore
@dsr-rollback-minar-murre-emure-nalas/dsr-rollback-minar-murre-emure-nalas
@dsr-rollback-minas-pagan-rives-quonk/dsr-rollback-minas-pagan-rives-quonk
@dsr-rollback-miner-alack-faith-pocky/dsr-rollback-miner-alack-faith-pocky
@dsr-rollback-minis-numen-jnana-outgo/dsr-rollback-minis-numen-jnana-outgo
@dsr-rollback-minke-habit-grogs-windy/dsr-rollback-minke-habit-grogs-windy
@dsr-rollback-mirky-swads-oleos-basto/dsr-rollback-mirky-swads-oleos-basto
@dsr-rollback-mists-apart-buzzy-hythe/dsr-package-public-mists-apart-buzzy-hythe
@dsr-rollback-mixen-oleic-gyves-pongs/dsr-rollback-mixen-oleic-gyves-pongs
@dsr-rollback-mneme-hewed-cadge-humps/dsr-rollback-mneme-hewed-cadge-humps
@dsr-rollback-mocks-cuits-diene-trant/dsr-rollback-mocks-cuits-diene-trant
@dsr-rollback-moggy-pease-ictus-liken/dsr-package-public-moggy-pease-ictus-liken
@dsr-rollback-mokes-awork-sweal-habit/dsr-package-public-mokes-awork-sweal-habit
@dsr-rollback-monos-frore-spell-wefte/dsr-rollback-monos-frore-spell-wefte
@dsr-rollback-mools-iliac-sixer-lawns/dsr-package-public-mools-iliac-sixer-lawns
@dsr-rollback-moops-canoe-quart-amirs/dsr-package-public-moops-canoe-quart-amirs
@dsr-rollback-moory-sizes-undid-madid/dsr-rollback-moory-sizes-undid-madid
@dsr-rollback-moose-cruet-notum-inust/dsr-rollback-moose-cruet-notum-inust
@dsr-rollback-moral-fends-bosom-hoons/dsr-package-public-moral-fends-bosom-hoons
@dsr-rollback-moron-claws-donne-found/dsr-package-public-moron-claws-donne-found
@dsr-rollback-mosso-women-urent-cires/dsr-rollback-mosso-women-urent-cires
@dsr-rollback-motza-asway-blitz-scout/dsr-rollback-motza-asway-blitz-scout
@dsr-rollback-mound-baths-horal-waulk/dsr-rollback-mound-baths-horal-waulk
@dsr-rollback-moves-snips-local-algin/dsr-package-public-moves-snips-local-algin
@dsr-rollback-muddy-rones-cocoa-chivy/dsr-rollback-muddy-rones-cocoa-chivy
@dsr-rollback-mujik-hillo-odder-bourn/dsr-rollback-mujik-hillo-odder-bourn
@dsr-rollback-mules-troke-covin-pluff/dsr-rollback-mules-troke-covin-pluff
@dsr-rollback-mulse-rotas-fanes-sills/dsr-package-public-mulse-rotas-fanes-sills
@dsr-rollback-mumps-swags-goaty-bayed/dsr-rollback-mumps-swags-goaty-bayed
@dsr-rollback-mumps-teuch-gaper-leave/dsr-rollback-mumps-teuch-gaper-leave
@dsr-rollback-murly-yauds-spins-eject/dsr-rollback-murly-yauds-spins-eject
@dsr-rollback-mused-filch-gully-wytes/dsr-package-public-mused-filch-gully-wytes
@dsr-rollback-muser-coats-embay-comby/dsr-rollback-muser-coats-embay-comby
@dsr-rollback-music-waver-myoid-volar/dsr-package-public-music-waver-myoid-volar
@dsr-rollback-muton-olent-rajah-hilar/dsr-package-public-muton-olent-rajah-hilar
@dsr-rollback-mynah-tempo-slate-erven/dsr-rollback-mynah-tempo-slate-erven
@dsr-rollback-nacre-leavy-hoven-gassy/dsr-rollback-nacre-leavy-hoven-gassy
@dsr-rollback-naiad-redia-ganch-kalif/dsr-package-public-naiad-redia-ganch-kalif
@dsr-rollback-naira-ephod-tacos-alert/dsr-rollback-naira-ephod-tacos-alert
@dsr-rollback-naker-plumy-waxed-vials/dsr-rollback-naker-plumy-waxed-vials
@dsr-rollback-nancy-burry-pling-hiked/dsr-package-public-nancy-burry-pling-hiked
@dsr-rollback-nancy-cocco-ginks-fermi/dsr-rollback-nancy-cocco-ginks-fermi
@dsr-rollback-narre-hepar-metic-abysm/dsr-package-public-narre-hepar-metic-abysm
@dsr-rollback-nasty-these-knout-lairy/dsr-rollback-nasty-these-knout-lairy
@dsr-rollback-natty-pures-harms-exert/dsr-rollback-natty-pures-harms-exert
@dsr-rollback-natty-scalp-halts-skats/dsr-package-public-natty-scalp-halts-skats
@dsr-rollback-neeld-imago-adieu-dingo/dsr-package-public-neeld-imago-adieu-dingo
@dsr-rollback-neeze-larum-pilch-lidos/dsr-package-public-neeze-larum-pilch-lidos
@dsr-rollback-neigh-phuts-cauls-skelp/dsr-package-public-neigh-phuts-cauls-skelp
@dsr-rollback-nerdy-salal-eying-thaws/dsr-rollback-nerdy-salal-eying-thaws
@dsr-rollback-nerka-atoke-ocker-soger/dsr-rollback-nerka-atoke-ocker-soger
@dsr-rollback-neuks-rajas-karma-curvy/dsr-package-public-neuks-rajas-karma-curvy
@dsr-rollback-neums-limbo-saily-notum/dsr-package-public-neums-limbo-saily-notum
@dsr-rollback-ngaio-agood-femur-probe/dsr-package-public-ngaio-agood-femur-probe
@dsr-rollback-ngana-pudic-alley-slype/dsr-rollback-ngana-pudic-alley-slype
@dsr-rollback-nides-skite-teeth-itchy/dsr-rollback-nides-skite-teeth-itchy
@dsr-rollback-nidor-lased-waved-walls/dsr-package-public-nidor-lased-waved-walls
@dsr-rollback-niece-repro-carex-roofy/dsr-rollback-niece-repro-carex-roofy
@dsr-rollback-night-hoked-sonic-goops/dsr-rollback-night-hoked-sonic-goops
@dsr-rollback-night-wooed-slues-surah/dsr-rollback-night-wooed-slues-surah
@dsr-rollback-nisei-nears-prees-jaggy/dsr-package-public-nisei-nears-prees-jaggy
@dsr-rollback-noise-sores-worse-silen/dsr-rollback-noise-sores-worse-silen
@dsr-rollback-nongs-weals-mused-sooty/dsr-package-public-nongs-weals-mused-sooty
@dsr-rollback-nooky-mimer-hames-buret/dsr-rollback-nooky-mimer-hames-buret
@dsr-rollback-noups-tuque-dorse-sawah/dsr-rollback-noups-tuque-dorse-sawah
@dsr-rollback-novel-risus-marle-marid/dsr-package-public-novel-risus-marle-marid
@dsr-rollback-noway-speal-rones-lemon/dsr-rollback-noway-speal-rones-lemon
@dsr-rollback-nowed-oread-raids-twits/dsr-rollback-nowed-oread-raids-twits
@dsr-rollback-nubia-birch-caver-rooty/dsr-rollback-nubia-birch-caver-rooty
@dsr-rollback-nudie-yummy-faces-fitch/dsr-rollback-nudie-yummy-faces-fitch
@dsr-rollback-numen-beams-hazel-panax/dsr-rollback-numen-beams-hazel-panax
@dsr-rollback-nurls-parka-drift-gamey/dsr-rollback-nurls-parka-drift-gamey
@dsr-rollback-oaken-odour-yawns-rifle/dsr-rollback-oaken-odour-yawns-rifle
@dsr-rollback-obeys-amber-zeals-evite/dsr-package-public-obeys-amber-zeals-evite
@dsr-rollback-obeys-seric-deeds-harsh/dsr-package-public-obeys-seric-deeds-harsh
@dsr-rollback-obeys-tinny-prism-gauss/dsr-rollback-obeys-tinny-prism-gauss
@dsr-rollback-obiit-spuds-staff-sleys/dsr-rollback-obiit-spuds-staff-sleys
@dsr-rollback-obols-ridgy-sepad-drown/dsr-package-public-obols-ridgy-sepad-drown
@dsr-rollback-ocean-papas-macaw-teffs/dsr-rollback-ocean-papas-macaw-teffs
@dsr-rollback-octal-ingot-swore-robed/dsr-package-public-octal-ingot-swore-robed
@dsr-rollback-odeum-yarer-sails-sarod/dsr-rollback-odeum-yarer-sails-sarod
@dsr-rollback-ogham-areas-splat-dimer/dsr-package-public-ogham-areas-splat-dimer
@dsr-rollback-oinks-hikes-fonds-envoi/dsr-rollback-oinks-hikes-fonds-envoi
@dsr-rollback-oinks-stoss-symar-brood/dsr-package-public-oinks-stoss-symar-brood
@dsr-rollback-oleic-carex-yites-gluon/dsr-rollback-oleic-carex-yites-gluon
@dsr-rollback-omasa-sauts-poker-lapse/dsr-rollback-omasa-sauts-poker-lapse
@dsr-rollback-onion-avion-groof-conky/dsr-package-public-onion-avion-groof-conky
@dsr-rollback-onion-leans-whipt-fried/dsr-rollback-onion-leans-whipt-fried
@dsr-rollback-onned-aggro-amain-spilt/dsr-rollback-onned-aggro-amain-spilt
@dsr-rollback-oobit-whets-poohs-bared/dsr-rollback-oobit-whets-poohs-bared
@dsr-rollback-ooses-being-torch-palmy/dsr-rollback-ooses-being-torch-palmy
@dsr-rollback-oracy-tines-nitre-theme/dsr-package-public-oracy-tines-nitre-theme
@dsr-rollback-orals-masus-barbe-beams/dsr-rollback-orals-masus-barbe-beams
@dsr-rollback-orbed-thick-mange-scald/dsr-rollback-orbed-thick-mange-scald
@dsr-rollback-orfes-grume-stook-sassy/dsr-rollback-orfes-grume-stook-sassy
@dsr-rollback-org-aargh-whets-bowls-kangs/dsr-rollback-aargh-whets-bowls-kangs
@dsr-rollback-org-abaci-kofta-gaumy-khaki/dsr-rollback-abaci-kofta-gaumy-khaki
@dsr-rollback-org-aback-poxed-bardy-lolls/dsr-rollback-aback-poxed-bardy-lolls
@dsr-rollback-org-abase-loris-forts-gunge/dsr-rollback-package-abase-loris-forts-gunge
@dsr-rollback-org-abase-wootz-boart-debts/dsr-rollback-abase-wootz-boart-debts
@dsr-rollback-org-abate-aural-scuta-revet/dsr-rollback-abate-aural-scuta-revet
@dsr-rollback-org-abhor-buret-emcee-loess/dsr-rollback-package-abhor-buret-emcee-loess
@dsr-rollback-org-abies-swash-hoven-tabus/dsr-rollback-abies-swash-hoven-tabus
@dsr-rollback-org-abler-pares-suede-apsis/dsr-rollback-abler-pares-suede-apsis
@dsr-rollback-org-abler-traik-amate-nepit/dsr-rollback-abler-traik-amate-nepit
@dsr-rollback-org-ablet-drail-whiny-plods/dsr-rollback-ablet-drail-whiny-plods
@dsr-rollback-org-abode-zooks-pudic-cyton/dsr-rollback-abode-zooks-pudic-cyton
@dsr-rollback-org-absit-avian-talcs-enorm/dsr-rollback-package-absit-avian-talcs-enorm
@dsr-rollback-org-abune-lamia-fidge-merks/dsr-rollback-abune-lamia-fidge-merks
@dsr-rollback-org-abune-slush-roper-aalii/dsr-rollback-abune-slush-roper-aalii
@dsr-rollback-org-abuse-hallo-hemps-kauri/dsr-rollback-abuse-hallo-hemps-kauri
@dsr-rollback-org-abuts-indue-gambo-mates/dsr-rollback-package-abuts-indue-gambo-mates
@dsr-rollback-org-abyes-umbra-fames-tarsi/dsr-rollback-abyes-umbra-fames-tarsi
@dsr-rollback-org-ached-xylem-ephor-lokes/dsr-rollback-ached-xylem-ephor-lokes
@dsr-rollback-org-acmes-crook-plumb-blude/dsr-rollback-acmes-crook-plumb-blude
@dsr-rollback-org-acmes-grouf-scena-gulls/dsr-rollback-acmes-grouf-scena-gulls
@dsr-rollback-org-acock-grume-endow-apayd/dsr-rollback-acock-grume-endow-apayd
@dsr-rollback-org-acres-plumy-glans-belie/dsr-rollback-acres-plumy-glans-belie
@dsr-rollback-org-addax-fains-scart-yugas/dsr-rollback-addax-fains-scart-yugas
@dsr-rollback-org-admix-bouts-crena-stray/dsr-rollback-admix-bouts-crena-stray
@dsr-rollback-org-adorn-sweet-imshy-manas/dsr-rollback-adorn-sweet-imshy-manas
@dsr-rollback-org-adown-neuks-focus-reaks/dsr-rollback-adown-neuks-focus-reaks
@dsr-rollback-org-adsum-grasp-saics-seirs/dsr-rollback-adsum-grasp-saics-seirs
@dsr-rollback-org-adyta-pinky-meany-proem/dsr-rollback-adyta-pinky-meany-proem
@dsr-rollback-org-aecia-mommy-punas-clied/dsr-rollback-aecia-mommy-punas-clied
@dsr-rollback-org-affix-nouns-aloha-blurs/dsr-rollback-affix-nouns-aloha-blurs
@dsr-rollback-org-aflaj-clink-freed-vegan/dsr-rollback-aflaj-clink-freed-vegan
@dsr-rollback-org-afoul-bogie-ranas-knars/dsr-rollback-afoul-bogie-ranas-knars
@dsr-rollback-org-agars-hecks-rondo-bored/dsr-rollback-agars-hecks-rondo-bored
@dsr-rollback-org-aggro-unary-realo-ginks/dsr-rollback-aggro-unary-realo-ginks
@dsr-rollback-org-agmas-paths-bogey-fryer/dsr-rollback-agmas-paths-bogey-fryer
@dsr-rollback-org-agone-roose-stash-felly/dsr-rollback-agone-roose-stash-felly
@dsr-rollback-org-agrin-mesel-weils-decay/dsr-rollback-agrin-mesel-weils-decay
@dsr-rollback-org-agues-diazo-gulps-fasti/dsr-rollback-agues-diazo-gulps-fasti
@dsr-rollback-org-ahoys-diary-volas-truck/dsr-rollback-ahoys-diary-volas-truck
@dsr-rollback-org-ahull-sofas-stoai-nates/dsr-rollback-ahull-sofas-stoai-nates
@dsr-rollback-org-aider-torse-vying-moods/dsr-rollback-package-aider-torse-vying-moods
@dsr-rollback-org-airts-bunce-prise-ampul/dsr-rollback-airts-bunce-prise-ampul
@dsr-rollback-org-airts-miasm-liter-manes/dsr-rollback-airts-miasm-liter-manes
@dsr-rollback-org-aisle-agoge-girds-lathe/dsr-rollback-package-aisle-agoge-girds-lathe
@dsr-rollback-org-aitus-deans-equip-plica/dsr-rollback-aitus-deans-equip-plica
@dsr-rollback-org-aland-staig-metho-woman/dsr-rollback-aland-staig-metho-woman
@dsr-rollback-org-alapa-silly-lurid-dames/dsr-rollback-alapa-silly-lurid-dames
@dsr-rollback-org-alary-reply-lanch-lunas/dsr-rollback-alary-reply-lanch-lunas
@dsr-rollback-org-alate-wires-slush-kaiak/dsr-rollback-alate-wires-slush-kaiak
@dsr-rollback-org-albee-covey-annat-papes/dsr-rollback-package-albee-covey-annat-papes
@dsr-rollback-org-alert-vinal-snuff-gulas/dsr-rollback-alert-vinal-snuff-gulas
@dsr-rollback-org-algid-anion-kutch-hashy/dsr-rollback-algid-anion-kutch-hashy
@dsr-rollback-org-alike-skegs-mooch-xenia/dsr-rollback-package-alike-skegs-mooch-xenia
@dsr-rollback-org-alive-nizam-recce-bises/dsr-rollback-alive-nizam-recce-bises
@dsr-rollback-org-aliya-albee-denes-offal/dsr-rollback-aliya-albee-denes-offal
@dsr-rollback-org-alkyl-thugs-drouk-braxy/dsr-rollback-alkyl-thugs-drouk-braxy
@dsr-rollback-org-allee-couch-septa-eorls/dsr-rollback-allee-couch-septa-eorls
@dsr-rollback-org-allod-barfs-trone-sayst/dsr-rollback-allod-barfs-trone-sayst
@dsr-rollback-org-alods-drift-nexus-books/dsr-rollback-package-alods-drift-nexus-books
@dsr-rollback-org-alone-trant-plots-apism/dsr-rollback-alone-trant-plots-apism
@dsr-rollback-org-aloof-along-tanas-payed/dsr-rollback-package-aloof-along-tanas-payed
@dsr-rollback-org-alula-cacti-ampul-spain/dsr-rollback-alula-cacti-ampul-spain
@dsr-rollback-org-amahs-pandy-three-worts/dsr-rollback-amahs-pandy-three-worts
@dsr-rollback-org-amass-viola-gools-knowe/dsr-rollback-amass-viola-gools-knowe
@dsr-rollback-org-amaze-neems-pudsy-yowes/dsr-rollback-amaze-neems-pudsy-yowes
@dsr-rollback-org-amity-didos-ether-sudor/dsr-rollback-amity-didos-ether-sudor
@dsr-rollback-org-amity-gelly-bijou-remix/dsr-rollback-amity-gelly-bijou-remix
@dsr-rollback-org-amlas-fawns-sixes-paolo/dsr-rollback-amlas-fawns-sixes-paolo
@dsr-rollback-org-ammon-undam-sleet-rotor/dsr-rollback-ammon-undam-sleet-rotor
@dsr-rollback-org-amnia-pulmo-symar-chart/dsr-rollback-amnia-pulmo-symar-chart
@dsr-rollback-org-amnia-trike-beths-abord/dsr-rollback-amnia-trike-beths-abord
@dsr-rollback-org-amrit-gross-oleic-necks/dsr-rollback-amrit-gross-oleic-necks
@dsr-rollback-org-anana-jorum-prosy-mbira/dsr-rollback-anana-jorum-prosy-mbira
@dsr-rollback-org-anele-dools-plasm-laver/dsr-rollback-package-anele-dools-plasm-laver
@dsr-rollback-org-anger-meint-lardy-codes/dsr-rollback-anger-meint-lardy-codes
@dsr-rollback-org-angle-rhody-moits-iroko/dsr-rollback-package-angle-rhody-moits-iroko
@dsr-rollback-org-anigh-jaded-domes-goofy/dsr-rollback-package-anigh-jaded-domes-goofy
@dsr-rollback-org-anile-clade-dined-liane/dsr-rollback-anile-clade-dined-liane
@dsr-rollback-org-anion-gusty-taroc-tiffs/dsr-rollback-anion-gusty-taroc-tiffs
@dsr-rollback-org-anise-chart-namer-codes/dsr-rollback-anise-chart-namer-codes
@dsr-rollback-org-annal-fazes-fleys-backs/dsr-rollback-annal-fazes-fleys-backs
@dsr-rollback-org-annal-missy-banns-pioye/dsr-rollback-annal-missy-banns-pioye
@dsr-rollback-org-annoy-scoot-ileum-emong/dsr-rollback-annoy-scoot-ileum-emong
@dsr-rollback-org-anode-besot-sniff-place/dsr-rollback-anode-besot-sniff-place
@dsr-rollback-org-anons-naker-macks-rinds/dsr-rollback-anons-naker-macks-rinds
@dsr-rollback-org-antar-spews-pound-lipid/dsr-rollback-antar-spews-pound-lipid
@dsr-rollback-org-anted-basis-ascus-basil/dsr-rollback-package-anted-basis-ascus-basil
@dsr-rollback-org-antra-pukes-vangs-rupee/dsr-rollback-antra-pukes-vangs-rupee
@dsr-rollback-org-apart-khoja-dotal-honer/dsr-rollback-apart-khoja-dotal-honer
@dsr-rollback-org-apiol-jowly-raffs-hails/dsr-rollback-apiol-jowly-raffs-hails
@dsr-rollback-org-apish-stoit-pewit-disks/dsr-rollback-apish-stoit-pewit-disks
@dsr-rollback-org-apism-gives-teffs-later/dsr-rollback-apism-gives-teffs-later
@dsr-rollback-org-apode-feted-flics-naunt/dsr-rollback-apode-feted-flics-naunt
@dsr-rollback-org-apple-atoks-mazes-margs/dsr-rollback-apple-atoks-mazes-margs
@dsr-rollback-org-apple-quail-krone-batts/dsr-rollback-apple-quail-krone-batts
@dsr-rollback-org-apple-rusks-ended-dawns/dsr-rollback-apple-rusks-ended-dawns
@dsr-rollback-org-apron-mucid-coupe-coach/dsr-rollback-apron-mucid-coupe-coach
@dsr-rollback-org-arars-erode-chime-marid/dsr-rollback-package-arars-erode-chime-marid
@dsr-rollback-org-areal-pened-emure-nerds/dsr-rollback-areal-pened-emure-nerds
@dsr-rollback-org-arear-yarns-loafs-twite/dsr-rollback-arear-yarns-loafs-twite
@dsr-rollback-org-areca-brose-snuck-taler/dsr-rollback-areca-brose-snuck-taler
@dsr-rollback-org-argal-grego-ended-chirr/dsr-rollback-argal-grego-ended-chirr
@dsr-rollback-org-argol-tanka-drift-darcy/dsr-rollback-argol-tanka-drift-darcy
@dsr-rollback-org-argot-gybes-waved-sithe/dsr-rollback-argot-gybes-waved-sithe
@dsr-rollback-org-arias-yolks-swoun-azure/dsr-rollback-arias-yolks-swoun-azure
@dsr-rollback-org-ariel-liens-hakim-thete/dsr-rollback-ariel-liens-hakim-thete
@dsr-rollback-org-armed-blain-holed-rabat/dsr-rollback-armed-blain-holed-rabat
@dsr-rollback-org-aroma-saris-obiit-llama/dsr-rollback-aroma-saris-obiit-llama
@dsr-rollback-org-arose-zoppo-theed-pavid/dsr-rollback-arose-zoppo-theed-pavid
@dsr-rollback-org-arrah-rigor-ilium-tyler/dsr-rollback-arrah-rigor-ilium-tyler
@dsr-rollback-org-artal-amice-bless-yeast/dsr-rollback-artal-amice-bless-yeast
@dsr-rollback-org-artal-muggy-claws-guyot/dsr-rollback-package-artal-muggy-claws-guyot
@dsr-rollback-org-artal-praty-unpin-arnut/dsr-rollback-artal-praty-unpin-arnut
@dsr-rollback-org-artel-blimp-waltz-blays/dsr-rollback-package-artel-blimp-waltz-blays
@dsr-rollback-org-ashen-honer-alods-grade/dsr-rollback-ashen-honer-alods-grade
@dsr-rollback-org-atimy-magot-mumms-prana/dsr-rollback-atimy-magot-mumms-prana
@dsr-rollback-org-atopy-emote-boaks-riper/dsr-rollback-atopy-emote-boaks-riper
@dsr-rollback-org-audit-exits-steed-bacca/dsr-rollback-package-audit-exits-steed-bacca
@dsr-rollback-org-auger-runed-seton-mahua/dsr-rollback-auger-runed-seton-mahua
@dsr-rollback-org-aught-joram-dagga-kakis/dsr-rollback-aught-joram-dagga-kakis
@dsr-rollback-org-augur-fluty-moyls-lownd/dsr-rollback-augur-fluty-moyls-lownd
@dsr-rollback-org-auloi-attar-vakil-riata/dsr-rollback-package-auloi-attar-vakil-riata
@dsr-rollback-org-aumil-nutty-manic-yirds/dsr-rollback-aumil-nutty-manic-yirds
@dsr-rollback-org-aunty-bathe-rayon-debby/dsr-rollback-aunty-bathe-rayon-debby
@dsr-rollback-org-auric-tozed-scaup-unite/dsr-rollback-auric-tozed-scaup-unite
@dsr-rollback-org-auxin-neafe-ditts-forme/dsr-rollback-auxin-neafe-ditts-forme
@dsr-rollback-org-avens-knows-slyly-cried/dsr-rollback-avens-knows-slyly-cried
@dsr-rollback-org-avise-mover-sordo-fazes/dsr-rollback-avise-mover-sordo-fazes
@dsr-rollback-org-await-oaves-query-twank/dsr-rollback-await-oaves-query-twank
@dsr-rollback-org-awake-stand-levee-caved/dsr-rollback-awake-stand-levee-caved
@dsr-rollback-org-award-bloom-lemed-ruffe/dsr-rollback-award-bloom-lemed-ruffe
@dsr-rollback-org-aware-crout-sculk-bends/dsr-rollback-aware-crout-sculk-bends
@dsr-rollback-org-ayelp-obeys-rudie-tamed/dsr-rollback-ayelp-obeys-rudie-tamed
@dsr-rollback-org-ayrie-tease-evert-emirs/dsr-rollback-ayrie-tease-evert-emirs
@dsr-rollback-org-azans-rheas-oxime-amiss/dsr-rollback-azans-rheas-oxime-amiss
@dsr-rollback-org-azoth-sedum-nixes-cabob/dsr-rollback-azoth-sedum-nixes-cabob
@dsr-rollback-org-azure-fazes-bevel-forme/dsr-rollback-azure-fazes-bevel-forme
@dsr-rollback-org-azury-pyres-proso-uveal/dsr-rollback-azury-pyres-proso-uveal
@dsr-rollback-org-azury-wolds-exert-prest/dsr-rollback-azury-wolds-exert-prest
@dsr-rollback-org-baaed-cully-jakes-offed/dsr-rollback-baaed-cully-jakes-offed
@dsr-rollback-org-baals-privy-sates-zippo/dsr-rollback-package-baals-privy-sates-zippo
@dsr-rollback-org-babus-excel-labor-mumms/dsr-rollback-babus-excel-labor-mumms
@dsr-rollback-org-baffs-skink-atony-blare/dsr-rollback-package-baffs-skink-atony-blare
@dsr-rollback-org-bails-heats-foins-lades/dsr-rollback-package-bails-heats-foins-lades
@dsr-rollback-org-bairn-cutes-luvvy-rooms/dsr-rollback-bairn-cutes-luvvy-rooms
@dsr-rollback-org-bajra-knish-massa-rants/dsr-rollback-bajra-knish-massa-rants
@dsr-rollback-org-bajus-buran-torrs-munch/dsr-rollback-bajus-buran-torrs-munch
@dsr-rollback-org-baked-grown-cloke-holes/dsr-rollback-baked-grown-cloke-holes
@dsr-rollback-org-baled-suing-whips-spain/dsr-rollback-baled-suing-whips-spain
@dsr-rollback-org-bales-pilus-clags-dunce/dsr-rollback-bales-pilus-clags-dunce
@dsr-rollback-org-balks-burns-heles-piets/dsr-rollback-package-balks-burns-heles-piets
@dsr-rollback-org-bally-ranis-brens-triff/dsr-rollback-bally-ranis-brens-triff
@dsr-rollback-org-balsa-brigs-kolas-feint/dsr-rollback-balsa-brigs-kolas-feint
@dsr-rollback-org-banco-chili-warts-yeuks/dsr-rollback-banco-chili-warts-yeuks
@dsr-rollback-org-banda-snits-tatus-cimex/dsr-rollback-banda-snits-tatus-cimex
@dsr-rollback-org-banks-brats-horst-torii/dsr-rollback-banks-brats-horst-torii
@dsr-rollback-org-banks-perms-usury-corgi/dsr-rollback-banks-perms-usury-corgi
@dsr-rollback-org-banks-scugs-dumka-aside/dsr-rollback-banks-scugs-dumka-aside
@dsr-rollback-org-barms-axing-noint-sagas/dsr-rollback-barms-axing-noint-sagas
@dsr-rollback-org-based-masts-pated-womby/dsr-rollback-based-masts-pated-womby
@dsr-rollback-org-baser-debug-durzi-gaums/dsr-rollback-baser-debug-durzi-gaums
@dsr-rollback-org-basis-monos-tewit-guard/dsr-rollback-basis-monos-tewit-guard
@dsr-rollback-org-bason-rally-stane-baloo/dsr-rollback-package-bason-rally-stane-baloo
@dsr-rollback-org-bassi-ettin-mpret-jocks/dsr-rollback-package-bassi-ettin-mpret-jocks
@dsr-rollback-org-basso-luaus-llama-ceded/dsr-rollback-basso-luaus-llama-ceded
@dsr-rollback-org-basts-alter-pekes-pulpy/dsr-rollback-basts-alter-pekes-pulpy
@dsr-rollback-org-basts-tawse-cysts-kerns/dsr-rollback-basts-tawse-cysts-kerns
@dsr-rollback-org-bates-biogs-loord-broke/dsr-rollback-bates-biogs-loord-broke
@dsr-rollback-org-bates-lilts-sabre-gangs/dsr-rollback-bates-lilts-sabre-gangs
@dsr-rollback-org-baurs-drams-seres-flaps/dsr-rollback-baurs-drams-seres-flaps
@dsr-rollback-org-bawds-chads-gamin-cabin/dsr-rollback-bawds-chads-gamin-cabin
@dsr-rollback-org-bazar-balus-laden-camus/dsr-rollback-bazar-balus-laden-camus
@dsr-rollback-org-bazar-dilly-hynde-kisan/dsr-rollback-bazar-dilly-hynde-kisan
@dsr-rollback-org-beach-urena-ovolo-sopor/dsr-rollback-beach-urena-ovolo-sopor
@dsr-rollback-org-beams-meers-fresh-flics/dsr-rollback-beams-meers-fresh-flics
@dsr-rollback-org-beans-virga-quats-boils/dsr-rollback-beans-virga-quats-boils
@dsr-rollback-org-beech-waxed-myope-frisk/dsr-rollback-beech-waxed-myope-frisk
@dsr-rollback-org-beery-world-haunt-goers/dsr-rollback-package-beery-world-haunt-goers
@dsr-rollback-org-beets-metro-bunds-remit/dsr-rollback-beets-metro-bunds-remit
@dsr-rollback-org-began-spaed-goofy-raphe/dsr-rollback-began-spaed-goofy-raphe
@dsr-rollback-org-beget-yield-manly-finks/dsr-rollback-package-beget-yield-manly-finks
@dsr-rollback-org-bekah-barca-brank-bulks/dsr-rollback-bekah-barca-brank-bulks
@dsr-rollback-org-bends-ciggy-warks-jails/dsr-rollback-bends-ciggy-warks-jails
@dsr-rollback-org-beray-perns-wries-mauds/dsr-rollback-beray-perns-wries-mauds
@dsr-rollback-org-beres-sepad-cases-katas/dsr-rollback-beres-sepad-cases-katas
@dsr-rollback-org-beres-sware-praam-vigil/dsr-rollback-package-beres-sware-praam-vigil
@dsr-rollback-org-berob-incur-felty-hwyls/dsr-rollback-berob-incur-felty-hwyls
@dsr-rollback-org-berth-teach-swung-snide/dsr-rollback-berth-teach-swung-snide
@dsr-rollback-org-bests-duple-crare-waver/dsr-rollback-bests-duple-crare-waver
@dsr-rollback-org-bests-pooch-haunt-amuck/dsr-rollback-bests-pooch-haunt-amuck
@dsr-rollback-org-betes-mares-mumms-sword/dsr-rollback-package-betes-mares-mumms-sword
@dsr-rollback-org-beths-stump-betty-wheen/dsr-rollback-beths-stump-betty-wheen
@dsr-rollback-org-bevel-coder-yites-zygal/dsr-rollback-bevel-coder-yites-zygal
@dsr-rollback-org-bevel-gurge-oggin-stabs/dsr-rollback-bevel-gurge-oggin-stabs
@dsr-rollback-org-bevue-breve-trass-clove/dsr-rollback-bevue-breve-trass-clove
@dsr-rollback-org-bewet-coppy-wulls-theta/dsr-rollback-bewet-coppy-wulls-theta
@dsr-rollback-org-biddy-swang-seels-fails/dsr-rollback-package-biddy-swang-seels-fails
@dsr-rollback-org-bield-fired-soups-brain/dsr-rollback-bield-fired-soups-brain
@dsr-rollback-org-biers-seamy-oners-madge/dsr-rollback-biers-seamy-oners-madge
@dsr-rollback-org-bifid-inurn-neive-picky/dsr-rollback-bifid-inurn-neive-picky
@dsr-rollback-org-bifid-piers-cadet-awing/dsr-rollback-bifid-piers-cadet-awing
@dsr-rollback-org-biked-rhomb-roupy-ohone/dsr-rollback-biked-rhomb-roupy-ohone
@dsr-rollback-org-biked-wreak-ulnar-scree/dsr-rollback-package-biked-wreak-ulnar-scree
@dsr-rollback-org-bikes-after-fremd-rowen/dsr-rollback-package-bikes-after-fremd-rowen
@dsr-rollback-org-biles-yuppy-phohs-yenta/dsr-rollback-biles-yuppy-phohs-yenta
@dsr-rollback-org-bilks-eager-wipes-alary/dsr-rollback-bilks-eager-wipes-alary
@dsr-rollback-org-billy-welds-vodka-melds/dsr-rollback-billy-welds-vodka-melds
@dsr-rollback-org-binds-safes-vogue-fixes/dsr-rollback-package-binds-safes-vogue-fixes
@dsr-rollback-org-bings-reaks-palsy-tawer/dsr-rollback-bings-reaks-palsy-tawer
@dsr-rollback-org-bints-night-apish-webby/dsr-rollback-bints-night-apish-webby
@dsr-rollback-org-biome-pants-gulch-sworn/dsr-rollback-biome-pants-gulch-sworn
@dsr-rollback-org-biota-gnars-adunc-betty/dsr-rollback-biota-gnars-adunc-betty
@dsr-rollback-org-biota-night-abase-egers/dsr-rollback-biota-night-abase-egers
@dsr-rollback-org-biota-razed-spahi-spell/dsr-rollback-biota-razed-spahi-spell
@dsr-rollback-org-birle-gemot-elect-feign/dsr-rollback-birle-gemot-elect-feign
@dsr-rollback-org-birse-suety-ablet-jutes/dsr-rollback-birse-suety-ablet-jutes
@dsr-rollback-org-bises-civvy-cream-balus/dsr-rollback-bises-civvy-cream-balus
@dsr-rollback-org-bises-whams-notch-azide/dsr-rollback-bises-whams-notch-azide
@dsr-rollback-org-bisks-sloan-longa-swies/dsr-rollback-bisks-sloan-longa-swies
@dsr-rollback-org-bites-wires-wytes-lures/dsr-rollback-bites-wires-wytes-lures
@dsr-rollback-org-bitty-spars-hames-amman/dsr-rollback-bitty-spars-hames-amman
@dsr-rollback-org-blads-alack-sitar-owlet/dsr-rollback-blads-alack-sitar-owlet
@dsr-rollback-org-blaes-magma-boxed-largo/dsr-rollback-blaes-magma-boxed-largo
@dsr-rollback-org-blaes-pilot-gamps-tomes/dsr-rollback-blaes-pilot-gamps-tomes
@dsr-rollback-org-blank-epoch-honks-padle/dsr-rollback-blank-epoch-honks-padle
@dsr-rollback-org-blase-cobra-azyme-ouzel/dsr-rollback-blase-cobra-azyme-ouzel
@dsr-rollback-org-blash-angel-wants-praam/dsr-rollback-package-blash-angel-wants-praam
@dsr-rollback-org-blats-affix-bulse-crass/dsr-rollback-blats-affix-bulse-crass
@dsr-rollback-org-blebs-ornis-image-wroot/dsr-rollback-blebs-ornis-image-wroot
@dsr-rollback-org-blees-witan-besot-zoeal/dsr-rollback-blees-witan-besot-zoeal
@dsr-rollback-org-blest-zatis-xysts-legge/dsr-rollback-blest-zatis-xysts-legge
@dsr-rollback-org-blimy-wanes-goldy-holla/dsr-rollback-blimy-wanes-goldy-holla
@dsr-rollback-org-blitz-lardy-plaps-yamen/dsr-rollback-blitz-lardy-plaps-yamen
@dsr-rollback-org-bloat-suber-daffy-pacos/dsr-rollback-bloat-suber-daffy-pacos
@dsr-rollback-org-blocs-grubs-mores-kauri/dsr-rollback-blocs-grubs-mores-kauri
@dsr-rollback-org-bloop-yeses-burrs-skell/dsr-rollback-bloop-yeses-burrs-skell
@dsr-rollback-org-blots-bourd-skink-ragga/dsr-rollback-blots-bourd-skink-ragga
@dsr-rollback-org-blown-poind-tapet-brees/dsr-rollback-blown-poind-tapet-brees
@dsr-rollback-org-blown-yawny-skiff-marsh/dsr-rollback-blown-yawny-skiff-marsh
@dsr-rollback-org-blowy-right-sonar-corks/dsr-rollback-blowy-right-sonar-corks
@dsr-rollback-org-blued-zoeas-choir-samen/dsr-rollback-blued-zoeas-choir-samen
@dsr-rollback-org-bluff-kurta-where-lowse/dsr-rollback-bluff-kurta-where-lowse
@dsr-rollback-org-blurb-crazy-faurd-elmen/dsr-rollback-blurb-crazy-faurd-elmen
@dsr-rollback-org-blurb-dynes-gonzo-roles/dsr-rollback-blurb-dynes-gonzo-roles
@dsr-rollback-org-blurb-habit-feods-aargh/dsr-rollback-blurb-habit-feods-aargh
@dsr-rollback-org-board-circa-retes-webby/dsr-rollback-board-circa-retes-webby
@dsr-rollback-org-bobby-awful-kemps-perai/dsr-rollback-bobby-awful-kemps-perai
@dsr-rollback-org-bodes-pssts-tazze-abbas/dsr-rollback-bodes-pssts-tazze-abbas
@dsr-rollback-org-bodle-spelk-abase-stets/dsr-rollback-bodle-spelk-abase-stets
@dsr-rollback-org-bodle-wryly-speel-unfit/dsr-rollback-bodle-wryly-speel-unfit
@dsr-rollback-org-bodle-yolky-foist-aphid/dsr-rollback-package-bodle-yolky-foist-aphid
@dsr-rollback-org-bogey-blaes-tacho-finny/dsr-rollback-bogey-blaes-tacho-finny
@dsr-rollback-org-bogey-dusty-kyang-urial/dsr-rollback-bogey-dusty-kyang-urial
@dsr-rollback-org-bogie-chufa-tozes-oxeye/dsr-rollback-bogie-chufa-tozes-oxeye
@dsr-rollback-org-bogle-newel-chads-cited/dsr-rollback-bogle-newel-chads-cited
@dsr-rollback-org-boles-carpi-taths-ditsy/dsr-rollback-package-boles-carpi-taths-ditsy
@dsr-rollback-org-bonds-chile-cists-crock/dsr-rollback-package-bonds-chile-cists-crock
@dsr-rollback-org-bongo-piked-paved-sound/dsr-rollback-bongo-piked-paved-sound
@dsr-rollback-org-books-mewed-darcy-coths/dsr-rollback-books-mewed-darcy-coths
@dsr-rollback-org-booky-dupes-crass-guest/dsr-rollback-booky-dupes-crass-guest
@dsr-rollback-org-booky-lated-arced-lares/dsr-rollback-booky-lated-arced-lares
@dsr-rollback-org-booky-musky-exies-jebel/dsr-rollback-booky-musky-exies-jebel
@dsr-rollback-org-booms-cried-dilli-hilar/dsr-rollback-booms-cried-dilli-hilar
@dsr-rollback-org-boons-zonae-embar-sawed/dsr-rollback-boons-zonae-embar-sawed
@dsr-rollback-org-boozy-squat-outgo-genic/dsr-rollback-boozy-squat-outgo-genic
@dsr-rollback-org-borax-aggro-steep-stipa/dsr-rollback-borax-aggro-steep-stipa
@dsr-rollback-org-bored-kexes-gazel-spews/dsr-rollback-bored-kexes-gazel-spews
@dsr-rollback-org-borel-whirr-tragi-corbe/dsr-rollback-borel-whirr-tragi-corbe
@dsr-rollback-org-boric-croup-mules-axles/dsr-rollback-boric-croup-mules-axles
@dsr-rollback-org-boron-swots-pardy-praam/dsr-rollback-boron-swots-pardy-praam
@dsr-rollback-org-botte-liers-pagod-aunts/dsr-rollback-botte-liers-pagod-aunts
@dsr-rollback-org-botts-batta-icons-amici/dsr-rollback-botts-batta-icons-amici
@dsr-rollback-org-botts-carls-ashes-saily/dsr-rollback-botts-carls-ashes-saily
@dsr-rollback-org-botts-carrs-tiddy-curry/dsr-rollback-botts-carrs-tiddy-curry
@dsr-rollback-org-boule-yolks-oaves-grays/dsr-rollback-package-boule-yolks-oaves-grays
@dsr-rollback-org-bourg-gecko-phage-spelt/dsr-rollback-bourg-gecko-phage-spelt
@dsr-rollback-org-bourg-squad-hamal-ritzy/dsr-rollback-bourg-squad-hamal-ritzy
@dsr-rollback-org-bourn-limma-waste-coops/dsr-rollback-package-bourn-limma-waste-coops
@dsr-rollback-org-bousy-caulk-polar-tirrs/dsr-rollback-bousy-caulk-polar-tirrs
@dsr-rollback-org-bowls-resay-spile-umbre/dsr-rollback-bowls-resay-spile-umbre
@dsr-rollback-org-boyos-legit-sorry-easts/dsr-rollback-boyos-legit-sorry-easts
@dsr-rollback-org-boyos-whisk-dsomo-climb/dsr-rollback-boyos-whisk-dsomo-climb
@dsr-rollback-org-brads-letch-dolma-pinna/dsr-rollback-brads-letch-dolma-pinna
@dsr-rollback-org-brads-twigs-saver-manes/dsr-rollback-brads-twigs-saver-manes
@dsr-rollback-org-brake-snash-causa-loran/dsr-rollback-brake-snash-causa-loran
@dsr-rollback-org-brank-droll-rudas-gurry/dsr-rollback-brank-droll-rudas-gurry
@dsr-rollback-org-brans-lordy-glued-cyans/dsr-rollback-brans-lordy-glued-cyans
@dsr-rollback-org-brass-educe-canty-tired/dsr-rollback-brass-educe-canty-tired
@dsr-rollback-org-brats-caped-kandy-flora/dsr-rollback-brats-caped-kandy-flora
@dsr-rollback-org-breme-stook-trees-scope/dsr-rollback-breme-stook-trees-scope
@dsr-rollback-org-brent-neaps-woven-sixth/dsr-rollback-brent-neaps-woven-sixth
@dsr-rollback-org-brent-rayah-therm-moxie/dsr-rollback-brent-rayah-therm-moxie
@dsr-rollback-org-bride-paned-crazy-renin/dsr-rollback-bride-paned-crazy-renin
@dsr-rollback-org-brims-yales-domes-alure/dsr-rollback-brims-yales-domes-alure
@dsr-rollback-org-broad-fleam-nomes-oaten/dsr-rollback-package-broad-fleam-nomes-oaten
@dsr-rollback-org-brook-tiffs-reist-sicko/dsr-rollback-package-brook-tiffs-reist-sicko
@dsr-rollback-org-brown-enter-claim-blaes/dsr-rollback-brown-enter-claim-blaes
@dsr-rollback-org-bruit-escot-kilps-sulks/dsr-rollback-bruit-escot-kilps-sulks
@dsr-rollback-org-brunt-nymph-vired-angst/dsr-rollback-package-brunt-nymph-vired-angst
@dsr-rollback-org-buaze-holds-dulls-stare/dsr-rollback-package-buaze-holds-dulls-stare
@dsr-rollback-org-bubby-basks-flump-raphe/dsr-rollback-bubby-basks-flump-raphe
@dsr-rollback-org-buddy-mooed-styli-roods/dsr-rollback-buddy-mooed-styli-roods
@dsr-rollback-org-buffi-almes-minds-almas/dsr-rollback-buffi-almes-minds-almas
@dsr-rollback-org-buffs-dusks-skiey-scram/dsr-rollback-buffs-dusks-skiey-scram
@dsr-rollback-org-buffs-meson-boles-terse/dsr-rollback-buffs-meson-boles-terse
@dsr-rollback-org-buggy-pyets-theek-keels/dsr-rollback-buggy-pyets-theek-keels
@dsr-rollback-org-buhls-prang-octas-hikes/dsr-rollback-buhls-prang-octas-hikes
@dsr-rollback-org-bulbs-dales-gurge-runch/dsr-rollback-bulbs-dales-gurge-runch
@dsr-rollback-org-bulky-lines-plesh-asper/dsr-rollback-bulky-lines-plesh-asper
@dsr-rollback-org-bulla-creme-choky-pulps/dsr-rollback-package-bulla-creme-choky-pulps
@dsr-rollback-org-bunds-fleet-kinas-ensue/dsr-rollback-package-bunds-fleet-kinas-ensue
@dsr-rollback-org-bungy-woven-sayid-boded/dsr-rollback-bungy-woven-sayid-boded
@dsr-rollback-org-bunia-uveal-gytes-tykes/dsr-rollback-package-bunia-uveal-gytes-tykes
@dsr-rollback-org-bunny-basta-jhala-snack/dsr-rollback-bunny-basta-jhala-snack
@dsr-rollback-org-bunny-chaya-loury-comes/dsr-rollback-bunny-chaya-loury-comes
@dsr-rollback-org-bunny-yuked-clack-opium/dsr-rollback-bunny-yuked-clack-opium
@dsr-rollback-org-buran-plump-mothy-hilar/dsr-rollback-buran-plump-mothy-hilar
@dsr-rollback-org-burgh-dopey-wauls-jasey/dsr-rollback-burgh-dopey-wauls-jasey
@dsr-rollback-org-burke-amide-stulm-rumal/dsr-rollback-burke-amide-stulm-rumal
@dsr-rollback-org-burke-flees-niffy-rails/dsr-rollback-burke-flees-niffy-rails
@dsr-rollback-org-burls-cyton-dorad-damme/dsr-rollback-burls-cyton-dorad-damme
@dsr-rollback-org-burps-panel-nepit-tipis/dsr-rollback-burps-panel-nepit-tipis
@dsr-rollback-org-burst-zabra-vatus-woman/dsr-rollback-burst-zabra-vatus-woman
@dsr-rollback-org-busky-pearl-nubby-aesir/dsr-rollback-busky-pearl-nubby-aesir
@dsr-rollback-org-busky-perch-evict-decry/dsr-rollback-busky-perch-evict-decry
@dsr-rollback-org-butch-gaffe-flaky-trays/dsr-rollback-butch-gaffe-flaky-trays
@dsr-rollback-org-buyer-drank-yenta-tuxes/dsr-rollback-buyer-drank-yenta-tuxes
@dsr-rollback-org-cabob-cohab-gunks-grape/dsr-rollback-cabob-cohab-gunks-grape
@dsr-rollback-org-cacao-ogive-tichy-basto/dsr-rollback-cacao-ogive-tichy-basto
@dsr-rollback-org-caddy-jells-gilts-seamy/dsr-rollback-caddy-jells-gilts-seamy
@dsr-rollback-org-cadis-gobbo-denes-riles/dsr-rollback-package-cadis-gobbo-denes-riles
@dsr-rollback-org-cafes-adays-trail-sedum/dsr-rollback-cafes-adays-trail-sedum
@dsr-rollback-org-caffs-amigo-felty-zineb/dsr-rollback-package-caffs-amigo-felty-zineb
@dsr-rollback-org-caged-xysts-whins-chits/dsr-rollback-caged-xysts-whins-chits
@dsr-rollback-org-cagey-panel-wasps-frigs/dsr-rollback-cagey-panel-wasps-frigs
@dsr-rollback-org-cagey-yukky-tawie-capot/dsr-rollback-cagey-yukky-tawie-capot
@dsr-rollback-org-cains-grant-meows-heben/dsr-rollback-cains-grant-meows-heben
@dsr-rollback-org-cakes-coact-aroma-magus/dsr-rollback-package-cakes-coact-aroma-magus
@dsr-rollback-org-cakes-mummy-trams-seism/dsr-rollback-cakes-mummy-trams-seism
@dsr-rollback-org-cakey-cutty-yanks-mudra/dsr-rollback-cakey-cutty-yanks-mudra
@dsr-rollback-org-calid-scans-bings-stick/dsr-rollback-calid-scans-bings-stick
@dsr-rollback-org-calla-lowan-wazir-slews/dsr-rollback-calla-lowan-wazir-slews
@dsr-rollback-org-calve-azury-poise-pagod/dsr-rollback-calve-azury-poise-pagod
@dsr-rollback-org-calve-cruck-glory-cobra/dsr-rollback-calve-cruck-glory-cobra
@dsr-rollback-org-camis-pluck-niffy-arars/dsr-rollback-camis-pluck-niffy-arars
@dsr-rollback-org-camis-snary-glume-accoy/dsr-rollback-camis-snary-glume-accoy
@dsr-rollback-org-campy-hulls-tizzy-beany/dsr-rollback-campy-hulls-tizzy-beany
@dsr-rollback-org-canna-scree-farms-teary/dsr-rollback-canna-scree-farms-teary
@dsr-rollback-org-canna-sloot-rally-expel/dsr-rollback-canna-sloot-rally-expel
@dsr-rollback-org-capas-purge-flory-clove/dsr-rollback-capas-purge-flory-clove
@dsr-rollback-org-caped-sluse-sands-offer/dsr-rollback-caped-sluse-sands-offer
@dsr-rollback-org-capos-porge-dorms-sonar/dsr-rollback-capos-porge-dorms-sonar
@dsr-rollback-org-carby-amate-mazut-demob/dsr-rollback-package-carby-amate-mazut-demob
@dsr-rollback-org-carby-meths-samel-tauts/dsr-rollback-carby-meths-samel-tauts
@dsr-rollback-org-cardi-raxed-heals-chubs/dsr-rollback-cardi-raxed-heals-chubs
@dsr-rollback-org-cardy-ombus-cello-dates/dsr-rollback-package-cardy-ombus-cello-dates
@dsr-rollback-org-cardy-quean-sedum-chord/dsr-rollback-package-cardy-quean-sedum-chord
@dsr-rollback-org-cared-matin-eigne-civic/dsr-rollback-cared-matin-eigne-civic
@dsr-rollback-org-carex-parse-aitch-likes/dsr-rollback-carex-parse-aitch-likes
@dsr-rollback-org-carob-chose-neifs-fixes/dsr-rollback-carob-chose-neifs-fixes
@dsr-rollback-org-carol-genom-dines-losel/dsr-rollback-carol-genom-dines-losel
@dsr-rollback-org-carpi-unity-serra-guars/dsr-rollback-carpi-unity-serra-guars
@dsr-rollback-org-carps-ledgy-tacos-pores/dsr-rollback-package-carps-ledgy-tacos-pores
@dsr-rollback-org-carry-saucy-snees-foils/dsr-rollback-carry-saucy-snees-foils
@dsr-rollback-org-carte-skull-merel-moils/dsr-rollback-carte-skull-merel-moils
@dsr-rollback-org-carts-chili-moves-inula/dsr-rollback-carts-chili-moves-inula
@dsr-rollback-org-casas-torte-meany-wiled/dsr-rollback-package-casas-torte-meany-wiled
@dsr-rollback-org-cases-fifty-liber-rooms/dsr-rollback-package-cases-fifty-liber-rooms
@dsr-rollback-org-cavie-verst-chill-dwine/dsr-rollback-cavie-verst-chill-dwine
@dsr-rollback-org-cedes-oobit-gangs-coper/dsr-rollback-cedes-oobit-gangs-coper
@dsr-rollback-org-cento-chirk-crept-bhaji/dsr-rollback-cento-chirk-crept-bhaji
@dsr-rollback-org-cento-midis-speed-reach/dsr-rollback-cento-midis-speed-reach
@dsr-rollback-org-cents-suber-recks-brank/dsr-rollback-cents-suber-recks-brank
@dsr-rollback-org-chaff-miffy-wings-rayah/dsr-rollback-package-chaff-miffy-wings-rayah
@dsr-rollback-org-chain-tunas-kuris-khats/dsr-rollback-chain-tunas-kuris-khats
@dsr-rollback-org-chank-mases-eater-wally/dsr-rollback-chank-mases-eater-wally
@dsr-rollback-org-chaos-rabic-eager-synod/dsr-rollback-chaos-rabic-eager-synod
@dsr-rollback-org-chaps-strew-venus-belie/dsr-rollback-chaps-strew-venus-belie
@dsr-rollback-org-charm-stomp-pangs-wacks/dsr-rollback-charm-stomp-pangs-wacks
@dsr-rollback-org-chart-punks-wheal-waxen/dsr-rollback-chart-punks-wheal-waxen
@dsr-rollback-org-chary-oaken-addio-ghaut/dsr-rollback-chary-oaken-addio-ghaut
@dsr-rollback-org-chaya-quail-motet-cimex/dsr-rollback-chaya-quail-motet-cimex
@dsr-rollback-org-cheap-dowie-flank-wiper/dsr-rollback-cheap-dowie-flank-wiper
@dsr-rollback-org-cheap-flyte-tubes-kophs/dsr-rollback-cheap-flyte-tubes-kophs
@dsr-rollback-org-cheep-halos-colts-dewar/dsr-rollback-cheep-halos-colts-dewar
@dsr-rollback-org-chest-deuce-armor-boree/dsr-rollback-chest-deuce-armor-boree
@dsr-rollback-org-chewy-gools-micas-unmew/dsr-rollback-package-chewy-gools-micas-unmew
@dsr-rollback-org-chica-oyers-usury-istle/dsr-rollback-package-chica-oyers-usury-istle
@dsr-rollback-org-chica-yaffs-gloze-jibes/dsr-rollback-chica-yaffs-gloze-jibes
@dsr-rollback-org-chief-aides-sluit-glues/dsr-rollback-chief-aides-sluit-glues
@dsr-rollback-org-chief-zippy-biped-halfa/dsr-rollback-chief-zippy-biped-halfa
@dsr-rollback-org-chime-palla-drupe-gamin/dsr-rollback-chime-palla-drupe-gamin
@dsr-rollback-org-chime-vomer-fouls-dwell/dsr-rollback-chime-vomer-fouls-dwell
@dsr-rollback-org-china-boxes-glial-maise/dsr-rollback-china-boxes-glial-maise
@dsr-rollback-org-chirk-igads-peaty-tires/dsr-rollback-chirk-igads-peaty-tires
@dsr-rollback-org-chirp-forge-abate-gawsy/dsr-rollback-chirp-forge-abate-gawsy
@dsr-rollback-org-chits-props-atilt-dints/dsr-rollback-package-chits-props-atilt-dints
@dsr-rollback-org-chizz-taroc-dulse-tiers/dsr-rollback-chizz-taroc-dulse-tiers
@dsr-rollback-org-chock-situs-genoa-zilch/dsr-rollback-chock-situs-genoa-zilch
@dsr-rollback-org-choco-teems-prexy-bayle/dsr-rollback-package-choco-teems-prexy-bayle
@dsr-rollback-org-chocs-pupae-fendy-flisk/dsr-rollback-chocs-pupae-fendy-flisk
@dsr-rollback-org-choir-plage-stick-reest/dsr-rollback-choir-plage-stick-reest
@dsr-rollback-org-choky-kotow-guyot-rizas/dsr-rollback-choky-kotow-guyot-rizas
@dsr-rollback-org-chomp-slabs-group-mouch/dsr-rollback-chomp-slabs-group-mouch
@dsr-rollback-org-chows-modii-stave-aroba/dsr-rollback-package-chows-modii-stave-aroba
@dsr-rollback-org-chubs-sorer-ahull-gabby/dsr-rollback-chubs-sorer-ahull-gabby
@dsr-rollback-org-chuck-dupes-hames-mills/dsr-rollback-chuck-dupes-hames-mills
@dsr-rollback-org-chuff-holla-stend-riyal/dsr-rollback-chuff-holla-stend-riyal
@dsr-rollback-org-chump-rider-torse-beers/dsr-rollback-package-chump-rider-torse-beers
@dsr-rollback-org-churr-hints-meter-thumb/dsr-rollback-package-churr-hints-meter-thumb
@dsr-rollback-org-chute-hazed-tryst-eaves/dsr-rollback-chute-hazed-tryst-eaves
@dsr-rollback-org-cills-fifer-banks-skean/dsr-rollback-package-cills-fifer-banks-skean
@dsr-rollback-org-cinct-lakes-jutty-hails/dsr-rollback-cinct-lakes-jutty-hails
@dsr-rollback-org-cions-clast-savin-saick/dsr-rollback-cions-clast-savin-saick
@dsr-rollback-org-cires-genas-garbs-grief/dsr-rollback-cires-genas-garbs-grief
@dsr-rollback-org-cirls-doffs-largo-saman/dsr-rollback-cirls-doffs-largo-saman
@dsr-rollback-org-cital-kakis-huger-blude/dsr-rollback-cital-kakis-huger-blude
@dsr-rollback-org-cited-guyed-covet-wytes/dsr-rollback-cited-guyed-covet-wytes
@dsr-rollback-org-cites-hests-ivied-reals/dsr-rollback-cites-hests-ivied-reals
@dsr-rollback-org-clame-lever-harps-curia/dsr-rollback-clame-lever-harps-curia
@dsr-rollback-org-clart-frory-lares-yills/dsr-rollback-clart-frory-lares-yills
@dsr-rollback-org-clays-jaunt-tasty-hared/dsr-rollback-package-clays-jaunt-tasty-hared
@dsr-rollback-org-clean-piker-satyr-merse/dsr-rollback-clean-piker-satyr-merse
@dsr-rollback-org-cleck-frail-inter-blore/dsr-rollback-cleck-frail-inter-blore
@dsr-rollback-org-cleek-crash-jeans-teeth/dsr-rollback-cleek-crash-jeans-teeth
@dsr-rollback-org-cleek-techs-dough-acrid/dsr-rollback-cleek-techs-dough-acrid
@dsr-rollback-org-clefs-nurse-agley-goafs/dsr-rollback-clefs-nurse-agley-goafs
@dsr-rollback-org-clegs-yaffs-roams-lento/dsr-rollback-clegs-yaffs-roams-lento
@dsr-rollback-org-clems-talma-obese-laund/dsr-rollback-clems-talma-obese-laund
@dsr-rollback-org-clepe-darcy-logie-volva/dsr-rollback-package-clepe-darcy-logie-volva
@dsr-rollback-org-clepe-lemma-bodge-reaks/dsr-rollback-clepe-lemma-bodge-reaks
@dsr-rollback-org-clews-pozzy-reast-carts/dsr-rollback-clews-pozzy-reast-carts
@dsr-rollback-org-clies-gapes-amban-bezel/dsr-rollback-clies-gapes-amban-bezel
@dsr-rollback-org-climb-pheon-cuing-brays/dsr-rollback-climb-pheon-cuing-brays
@dsr-rollback-org-clink-taish-deary-gotta/dsr-rollback-clink-taish-deary-gotta
@dsr-rollback-org-clomb-mails-tabun-monos/dsr-rollback-package-clomb-mails-tabun-monos
@dsr-rollback-org-clomp-goels-snare-widdy/dsr-rollback-clomp-goels-snare-widdy
@dsr-rollback-org-close-byked-leary-waves/dsr-rollback-close-byked-leary-waves
@dsr-rollback-org-clote-wamed-scoff-gismo/dsr-rollback-clote-wamed-scoff-gismo
@dsr-rollback-org-cloth-dodge-nudge-lovey/dsr-rollback-cloth-dodge-nudge-lovey
@dsr-rollback-org-clout-clans-sakes-gowan/dsr-rollback-package-clout-clans-sakes-gowan
@dsr-rollback-org-clove-lakin-wamus-weals/dsr-rollback-clove-lakin-wamus-weals
@dsr-rollback-org-cloys-pirls-march-aglee/dsr-rollback-cloys-pirls-march-aglee
@dsr-rollback-org-coact-lifts-ulnae-chine/dsr-rollback-coact-lifts-ulnae-chine
@dsr-rollback-org-cobra-piers-grike-skink/dsr-rollback-cobra-piers-grike-skink
@dsr-rollback-org-cocco-swags-samey-quilt/dsr-rollback-cocco-swags-samey-quilt
@dsr-rollback-org-codex-sypes-erose-climb/dsr-rollback-codex-sypes-erose-climb
@dsr-rollback-org-codon-desse-beret-hubby/dsr-rollback-codon-desse-beret-hubby
@dsr-rollback-org-cogue-forts-grays-fango/dsr-rollback-package-cogue-forts-grays-fango
@dsr-rollback-org-cohog-flood-aglow-acute/dsr-rollback-cohog-flood-aglow-acute
@dsr-rollback-org-cohog-hinge-parly-begun/dsr-rollback-package-cohog-hinge-parly-begun
@dsr-rollback-org-coign-perns-chivy-chara/dsr-rollback-coign-perns-chivy-chara
@dsr-rollback-org-comby-trued-ethal-metif/dsr-rollback-comby-trued-ethal-metif
@dsr-rollback-org-commo-misdo-scart-films/dsr-rollback-commo-misdo-scart-films
@dsr-rollback-org-compt-hyoid-prune-tafia/dsr-rollback-compt-hyoid-prune-tafia
@dsr-rollback-org-conch-pssts-maces-repay/dsr-rollback-conch-pssts-maces-repay
@dsr-rollback-org-conga-mauds-jowls-terns/dsr-rollback-conga-mauds-jowls-terns
@dsr-rollback-org-congo-junky-niche-heils/dsr-rollback-package-congo-junky-niche-heils
@dsr-rollback-org-conic-fetch-drest-abune/dsr-rollback-conic-fetch-drest-abune
@dsr-rollback-org-cooee-awarn-exine-grese/dsr-rollback-cooee-awarn-exine-grese
@dsr-rollback-org-coofs-ancon-ulmin-doped/dsr-rollback-coofs-ancon-ulmin-doped
@dsr-rollback-org-coppy-rowen-hippy-pawas/dsr-rollback-coppy-rowen-hippy-pawas
@dsr-rollback-org-copsy-suing-locks-waulk/dsr-rollback-copsy-suing-locks-waulk
@dsr-rollback-org-copsy-tarsi-butch-erose/dsr-rollback-copsy-tarsi-butch-erose
@dsr-rollback-org-coram-scaud-etnas-prims/dsr-rollback-coram-scaud-etnas-prims
@dsr-rollback-org-corgi-nawab-crude-lured/dsr-rollback-package-corgi-nawab-crude-lured
@dsr-rollback-org-corks-conga-hijra-sepoy/dsr-rollback-corks-conga-hijra-sepoy
@dsr-rollback-org-corks-easts-trail-canna/dsr-rollback-corks-easts-trail-canna
@dsr-rollback-org-corms-vireo-squiz-suave/dsr-rollback-package-corms-vireo-squiz-suave
@dsr-rollback-org-coset-halal-tones-mosey/dsr-rollback-coset-halal-tones-mosey
@dsr-rollback-org-coste-slick-kopek-preve/dsr-rollback-coste-slick-kopek-preve
@dsr-rollback-org-costs-inlay-wield-trine/dsr-rollback-costs-inlay-wield-trine
@dsr-rollback-org-cotta-brash-faxes-papaw/dsr-rollback-cotta-brash-faxes-papaw
@dsr-rollback-org-coude-gilet-ultra-algae/dsr-rollback-coude-gilet-ultra-algae
@dsr-rollback-org-count-biccy-eorls-drain/dsr-rollback-package-count-biccy-eorls-drain
@dsr-rollback-org-coupe-ocher-jerry-squit/dsr-rollback-coupe-ocher-jerry-squit
@dsr-rollback-org-courb-bykes-nirls-swive/dsr-rollback-courb-bykes-nirls-swive
@dsr-rollback-org-court-siren-lards-mazer/dsr-rollback-court-siren-lards-mazer
@dsr-rollback-org-coved-prang-laths-bards/dsr-rollback-coved-prang-laths-bards
@dsr-rollback-org-coyly-vertu-emure-awarn/dsr-rollback-coyly-vertu-emure-awarn
@dsr-rollback-org-cozen-amahs-caird-mered/dsr-rollback-cozen-amahs-caird-mered
@dsr-rollback-org-cozen-knurs-laity-plast/dsr-rollback-cozen-knurs-laity-plast
@dsr-rollback-org-cozen-sabin-paolo-deeps/dsr-rollback-cozen-sabin-paolo-deeps
@dsr-rollback-org-crack-peals-lases-kedge/dsr-rollback-crack-peals-lases-kedge
@dsr-rollback-org-craft-aalii-denay-sulks/dsr-rollback-craft-aalii-denay-sulks
@dsr-rollback-org-craft-giros-table-unwet/dsr-rollback-package-craft-giros-table-unwet
@dsr-rollback-org-crare-taiga-cangs-stoke/dsr-rollback-crare-taiga-cangs-stoke
@dsr-rollback-org-crass-curly-swats-lovat/dsr-rollback-crass-curly-swats-lovat
@dsr-rollback-org-crave-pines-nabob-patty/dsr-rollback-package-crave-pines-nabob-patty
@dsr-rollback-org-crawl-zaman-sedgy-yummy/dsr-rollback-crawl-zaman-sedgy-yummy
@dsr-rollback-org-craws-lives-knowe-choke/dsr-rollback-craws-lives-knowe-choke
@dsr-rollback-org-creel-slink-tamal-piend/dsr-rollback-package-creel-slink-tamal-piend
@dsr-rollback-org-creel-tease-goner-randy/dsr-rollback-creel-tease-goner-randy
@dsr-rollback-org-crepy-penes-merge-horns/dsr-rollback-crepy-penes-merge-horns
@dsr-rollback-org-cress-micos-scree-rayon/dsr-rollback-cress-micos-scree-rayon
@dsr-rollback-org-crewe-recap-islet-nyaff/dsr-rollback-crewe-recap-islet-nyaff
@dsr-rollback-org-cries-lidos-hokey-sails/dsr-rollback-cries-lidos-hokey-sails
@dsr-rollback-org-crise-vying-deals-abash/dsr-rollback-crise-vying-deals-abash
@dsr-rollback-org-crisp-uncut-music-chins/dsr-rollback-crisp-uncut-music-chins
@dsr-rollback-org-crocs-vitae-nabks-leaks/dsr-rollback-crocs-vitae-nabks-leaks
@dsr-rollback-org-croft-boxed-arcus-bania/dsr-rollback-package-croft-boxed-arcus-bania
@dsr-rollback-org-crush-milks-endue-dyers/dsr-rollback-crush-milks-endue-dyers
@dsr-rollback-org-crwth-kandy-toner-jirga/dsr-rollback-crwth-kandy-toner-jirga
@dsr-rollback-org-cubes-teary-peaks-scour/dsr-rollback-cubes-teary-peaks-scour
@dsr-rollback-org-cubit-skein-sleds-samfu/dsr-rollback-cubit-skein-sleds-samfu
@dsr-rollback-org-cuifs-nikau-beret-dwalm/dsr-rollback-cuifs-nikau-beret-dwalm
@dsr-rollback-org-cuifs-quena-doped-cheer/dsr-rollback-cuifs-quena-doped-cheer
@dsr-rollback-org-cuing-pones-demes-renig/dsr-rollback-cuing-pones-demes-renig
@dsr-rollback-org-culet-karst-liked-dwell/dsr-rollback-culet-karst-liked-dwell
@dsr-rollback-org-culet-quest-gifts-iliac/dsr-rollback-culet-quest-gifts-iliac
@dsr-rollback-org-culex-cuing-hoked-speld/dsr-rollback-culex-cuing-hoked-speld
@dsr-rollback-org-culls-noise-rumly-dhals/dsr-rollback-culls-noise-rumly-dhals
@dsr-rollback-org-cully-hulks-kemps-doubt/dsr-rollback-cully-hulks-kemps-doubt
@dsr-rollback-org-cully-ligne-zests-boart/dsr-rollback-cully-ligne-zests-boart
@dsr-rollback-org-cupid-paddy-bolas-waltz/dsr-rollback-cupid-paddy-bolas-waltz
@dsr-rollback-org-curch-jokes-clies-glove/dsr-rollback-curch-jokes-clies-glove
@dsr-rollback-org-curds-imped-welsh-foams/dsr-rollback-curds-imped-welsh-foams
@dsr-rollback-org-curds-laces-anoas-larum/dsr-rollback-curds-laces-anoas-larum
@dsr-rollback-org-cures-chins-etuis-jinns/dsr-rollback-cures-chins-etuis-jinns
@dsr-rollback-org-curls-scale-claws-hutch/dsr-rollback-curls-scale-claws-hutch
@dsr-rollback-org-cutie-puppy-brank-fixes/dsr-rollback-cutie-puppy-brank-fixes
@dsr-rollback-org-cuvee-speed-fames-overt/dsr-rollback-cuvee-speed-fames-overt
@dsr-rollback-org-cymar-duels-lomas-comae/dsr-rollback-cymar-duels-lomas-comae
@dsr-rollback-org-cytes-bigha-euked-omens/dsr-rollback-cytes-bigha-euked-omens
@dsr-rollback-org-daces-loser-glove-puddy/dsr-rollback-daces-loser-glove-puddy
@dsr-rollback-org-daffs-yfere-amiss-plims/dsr-rollback-daffs-yfere-amiss-plims
@dsr-rollback-org-dahls-rabic-motet-grebe/dsr-rollback-dahls-rabic-motet-grebe
@dsr-rollback-org-daisy-marae-slice-sixth/dsr-rollback-daisy-marae-slice-sixth
@dsr-rollback-org-dangs-razed-doily-sands/dsr-rollback-package-dangs-razed-doily-sands
@dsr-rollback-org-darns-marts-pujas-chews/dsr-rollback-darns-marts-pujas-chews
@dsr-rollback-org-datum-offed-enorm-elute/dsr-rollback-package-datum-offed-enorm-elute
@dsr-rollback-org-daube-truer-pyoid-stade/dsr-rollback-daube-truer-pyoid-stade
@dsr-rollback-org-dauds-proto-odals-pease/dsr-rollback-package-dauds-proto-odals-pease
@dsr-rollback-org-daunt-aleft-agars-cetes/dsr-rollback-daunt-aleft-agars-cetes
@dsr-rollback-org-daunt-bonze-areal-ataps/dsr-rollback-daunt-bonze-areal-ataps
@dsr-rollback-org-dawks-idols-skene-ulmin/dsr-rollback-dawks-idols-skene-ulmin
@dsr-rollback-org-deans-urman-hitch-pawls/dsr-rollback-deans-urman-hitch-pawls
@dsr-rollback-org-deare-appuy-decal-ricey/dsr-rollback-deare-appuy-decal-ricey
@dsr-rollback-org-deary-likin-renne-seral/dsr-rollback-deary-likin-renne-seral
@dsr-rollback-org-death-guimp-jinks-flume/dsr-rollback-death-guimp-jinks-flume
@dsr-rollback-org-decks-depot-luffs-couch/dsr-rollback-decks-depot-luffs-couch
@dsr-rollback-org-decks-lears-duros-zobos/dsr-rollback-decks-lears-duros-zobos
@dsr-rollback-org-defer-pheer-poaka-stria/dsr-rollback-defer-pheer-poaka-stria
@dsr-rollback-org-deify-comae-pomps-situs/dsr-rollback-deify-comae-pomps-situs
@dsr-rollback-org-deils-fools-croft-curdy/dsr-rollback-deils-fools-croft-curdy
@dsr-rollback-org-deism-taken-narco-turfs/dsr-rollback-deism-taken-narco-turfs
@dsr-rollback-org-deist-pyots-brock-denim/dsr-rollback-deist-pyots-brock-denim
@dsr-rollback-org-dekko-ephas-orbit-model/dsr-rollback-dekko-ephas-orbit-model
@dsr-rollback-org-delfs-nirly-zobos-viced/dsr-rollback-delfs-nirly-zobos-viced
@dsr-rollback-org-delft-midge-jacks-rumps/dsr-rollback-delft-midge-jacks-rumps
@dsr-rollback-org-deman-ashet-weeny-podex/dsr-rollback-deman-ashet-weeny-podex
@dsr-rollback-org-demes-heald-gayal-flaks/dsr-rollback-package-demes-heald-gayal-flaks
@dsr-rollback-org-demob-frags-bawls-angle/dsr-rollback-demob-frags-bawls-angle
@dsr-rollback-org-demur-piped-squiz-liker/dsr-rollback-demur-piped-squiz-liker
@dsr-rollback-org-denes-pesto-clote-equid/dsr-rollback-denes-pesto-clote-equid
@dsr-rollback-org-dense-wades-whirl-nails/dsr-rollback-dense-wades-whirl-nails
@dsr-rollback-org-depot-amate-progs-knags/dsr-rollback-depot-amate-progs-knags
@dsr-rollback-org-derma-varve-boons-swaly/dsr-rollback-derma-varve-boons-swaly
@dsr-rollback-org-derms-dopes-bogie-totes/dsr-rollback-derms-dopes-bogie-totes
@dsr-rollback-org-deter-sabot-towny-cargo/dsr-rollback-deter-sabot-towny-cargo
@dsr-rollback-org-detox-sting-liang-warst/dsr-rollback-detox-sting-liang-warst
@dsr-rollback-org-devot-chips-ninny-bipod/dsr-rollback-devot-chips-ninny-bipod
@dsr-rollback-org-dewed-meted-womby-idles/dsr-rollback-package-dewed-meted-womby-idles
@dsr-rollback-org-dewed-tongs-liker-setts/dsr-rollback-dewed-tongs-liker-setts
@dsr-rollback-org-diact-slays-eldin-unpin/dsr-rollback-diact-slays-eldin-unpin
@dsr-rollback-org-dials-logos-kauri-laved/dsr-rollback-dials-logos-kauri-laved
@dsr-rollback-org-didos-wases-xenon-pughs/dsr-rollback-package-didos-wases-xenon-pughs
@dsr-rollback-org-diene-nards-dopey-tufty/dsr-rollback-diene-nards-dopey-tufty
@dsr-rollback-org-dings-bazar-ihram-hilum/dsr-rollback-dings-bazar-ihram-hilum
@dsr-rollback-org-dingy-falls-lobby-blads/dsr-rollback-dingy-falls-lobby-blads
@dsr-rollback-org-dingy-stewy-geese-kexes/dsr-rollback-dingy-stewy-geese-kexes
@dsr-rollback-org-dinic-crime-nitty-yulan/dsr-rollback-dinic-crime-nitty-yulan
@dsr-rollback-org-ditzy-toxic-avows-brash/dsr-rollback-package-ditzy-toxic-avows-brash
@dsr-rollback-org-diver-calmy-flack-twigs/dsr-rollback-diver-calmy-flack-twigs
@dsr-rollback-org-docks-notes-bores-kreng/dsr-rollback-docks-notes-bores-kreng
@dsr-rollback-org-dodgy-amens-idols-bacon/dsr-rollback-dodgy-amens-idols-bacon
@dsr-rollback-org-doeks-flair-pyral-heats/dsr-rollback-doeks-flair-pyral-heats
@dsr-rollback-org-doers-urate-tumor-likin/dsr-rollback-doers-urate-tumor-likin
@dsr-rollback-org-doffs-tythe-tonal-crans/dsr-rollback-doffs-tythe-tonal-crans
@dsr-rollback-org-doily-pubic-bunny-myope/dsr-rollback-doily-pubic-bunny-myope
@dsr-rollback-org-domes-chank-watts-loner/dsr-rollback-domes-chank-watts-loner
@dsr-rollback-org-domes-pilaf-iroko-bully/dsr-rollback-domes-pilaf-iroko-bully
@dsr-rollback-org-donee-siren-gulps-nymph/dsr-rollback-package-donee-siren-gulps-nymph
@dsr-rollback-org-dorps-bitty-aurei-botts/dsr-rollback-dorps-bitty-aurei-botts
@dsr-rollback-org-dorrs-katas-vixen-waned/dsr-rollback-package-dorrs-katas-vixen-waned
@dsr-rollback-org-dorrs-miter-risen-cabby/dsr-rollback-dorrs-miter-risen-cabby
@dsr-rollback-org-doter-orant-fiche-soyas/dsr-rollback-doter-orant-fiche-soyas
@dsr-rollback-org-dotes-niton-velds-drubs/dsr-rollback-package-dotes-niton-velds-drubs
@dsr-rollback-org-dotty-wards-malis-mooed/dsr-rollback-dotty-wards-malis-mooed
@dsr-rollback-org-doubt-redip-parky-daggy/dsr-rollback-doubt-redip-parky-daggy
@dsr-rollback-org-downs-usury-woozy-mowra/dsr-rollback-downs-usury-woozy-mowra
@dsr-rollback-org-drabs-groma-borts-axile/dsr-rollback-drabs-groma-borts-axile
@dsr-rollback-org-drabs-haute-palls-horns/dsr-rollback-drabs-haute-palls-horns
@dsr-rollback-org-draff-caret-ungag-swizz/dsr-rollback-package-draff-caret-ungag-swizz
@dsr-rollback-org-draft-afros-bhels-spank/dsr-rollback-draft-afros-bhels-spank
@dsr-rollback-org-drags-rocks-syped-acerb/dsr-rollback-drags-rocks-syped-acerb
@dsr-rollback-org-drape-scion-melik-porky/dsr-rollback-drape-scion-melik-porky
@dsr-rollback-org-draps-toshy-unset-tries/dsr-rollback-draps-toshy-unset-tries
@dsr-rollback-org-drats-hover-dusks-chomp/dsr-rollback-drats-hover-dusks-chomp
@dsr-rollback-org-dread-bezel-trust-wombs/dsr-rollback-dread-bezel-trust-wombs
@dsr-rollback-org-dreck-deist-pupil-hoods/dsr-rollback-dreck-deist-pupil-hoods
@dsr-rollback-org-drees-taker-evhoe-snits/dsr-rollback-drees-taker-evhoe-snits
@dsr-rollback-org-drest-emmer-pilei-sweir/dsr-rollback-package-drest-emmer-pilei-sweir
@dsr-rollback-org-dreys-tints-jived-vogie/dsr-rollback-dreys-tints-jived-vogie
@dsr-rollback-org-drier-runny-rests-stade/dsr-rollback-package-drier-runny-rests-stade
@dsr-rollback-org-drone-carta-twits-addax/dsr-rollback-package-drone-carta-twits-addax
@dsr-rollback-org-drone-chief-scend-tryer/dsr-rollback-drone-chief-scend-tryer
@dsr-rollback-org-drone-conte-fires-haded/dsr-rollback-drone-conte-fires-haded
@dsr-rollback-org-droop-iambs-annul-thens/dsr-rollback-droop-iambs-annul-thens
@dsr-rollback-org-drown-almug-tacet-drent/dsr-rollback-drown-almug-tacet-drent
@dsr-rollback-org-drown-tepee-fleet-lowly/dsr-rollback-drown-tepee-fleet-lowly
@dsr-rollback-org-drugs-fovea-fella-yorks/dsr-rollback-drugs-fovea-fella-yorks
@dsr-rollback-org-drupe-pions-mafic-hotch/dsr-rollback-drupe-pions-mafic-hotch
@dsr-rollback-org-drusy-budge-noups-freer/dsr-rollback-drusy-budge-noups-freer
@dsr-rollback-org-dsobo-bimbo-wonky-mails/dsr-rollback-dsobo-bimbo-wonky-mails
@dsr-rollback-org-dsobo-viers-genoa-plugs/dsr-rollback-package-dsobo-viers-genoa-plugs
@dsr-rollback-org-dsomo-muted-cobby-patty/dsr-rollback-dsomo-muted-cobby-patty
@dsr-rollback-org-duans-murly-meiny-downs/dsr-rollback-duans-murly-meiny-downs
@dsr-rollback-org-duans-saice-ovals-finds/dsr-rollback-duans-saice-ovals-finds
@dsr-rollback-org-ducks-spuds-hewgh-purim/dsr-rollback-ducks-spuds-hewgh-purim
@dsr-rollback-org-duels-vulns-peers-dines/dsr-rollback-duels-vulns-peers-dines
@dsr-rollback-org-duffs-gault-chime-peace/dsr-rollback-duffs-gault-chime-peace
@dsr-rollback-org-duked-lolls-hangs-alkyl/dsr-rollback-duked-lolls-hangs-alkyl
@dsr-rollback-org-dukes-hulas-tones-culch/dsr-rollback-dukes-hulas-tones-culch
@dsr-rollback-org-dulse-cohos-brere-spean/dsr-rollback-dulse-cohos-brere-spean
@dsr-rollback-org-dumka-mealy-lyart-pines/dsr-rollback-dumka-mealy-lyart-pines
@dsr-rollback-org-dunts-freer-dooks-feals/dsr-rollback-package-dunts-freer-dooks-feals
@dsr-rollback-org-duomo-downy-puffs-squib/dsr-rollback-package-duomo-downy-puffs-squib
@dsr-rollback-org-duped-dahls-heats-eikon/dsr-rollback-duped-dahls-heats-eikon
@dsr-rollback-org-duros-hurra-progs-delis/dsr-rollback-duros-hurra-progs-delis
@dsr-rollback-org-dutch-bitts-oobit-piezo/dsr-rollback-dutch-bitts-oobit-piezo
@dsr-rollback-org-duxes-mulch-atony-chyme/dsr-rollback-duxes-mulch-atony-chyme
@dsr-rollback-org-dwale-winze-sprag-caxon/dsr-rollback-dwale-winze-sprag-caxon
@dsr-rollback-org-dwalm-tatts-scamp-jupon/dsr-rollback-dwalm-tatts-scamp-jupon
@dsr-rollback-org-dwams-chaya-deedy-aroid/dsr-rollback-package-dwams-chaya-deedy-aroid
@dsr-rollback-org-dying-aphid-gangs-lowse/dsr-rollback-dying-aphid-gangs-lowse
@dsr-rollback-org-earls-slows-bendy-filer/dsr-rollback-package-earls-slows-bendy-filer
@dsr-rollback-org-earth-boffs-talpa-feuar/dsr-rollback-earth-boffs-talpa-feuar
@dsr-rollback-org-eased-spume-depth-algid/dsr-rollback-eased-spume-depth-algid
@dsr-rollback-org-eaves-toxic-natty-wecht/dsr-rollback-eaves-toxic-natty-wecht
@dsr-rollback-org-ebbed-kyang-ogler-musks/dsr-rollback-ebbed-kyang-ogler-musks
@dsr-rollback-org-edger-halal-plesh-grate/dsr-rollback-edger-halal-plesh-grate
@dsr-rollback-org-edify-ewked-acton-wreck/dsr-rollback-package-edify-ewked-acton-wreck
@dsr-rollback-org-educe-coins-ousts-hemps/dsr-rollback-package-educe-coins-ousts-hemps
@dsr-rollback-org-educt-mines-loess-peise/dsr-rollback-educt-mines-loess-peise
@dsr-rollback-org-effed-blare-anvil-risus/dsr-rollback-package-effed-blare-anvil-risus
@dsr-rollback-org-eikon-peaky-knowe-skies/dsr-rollback-package-eikon-peaky-knowe-skies
@dsr-rollback-org-eisel-abuna-exams-salic/dsr-rollback-package-eisel-abuna-exams-salic
@dsr-rollback-org-elbow-cloop-girns-bonne/dsr-rollback-elbow-cloop-girns-bonne
@dsr-rollback-org-eldin-waler-prats-theta/dsr-rollback-eldin-waler-prats-theta
@dsr-rollback-org-elegy-duxes-cetes-sloom/dsr-rollback-elegy-duxes-cetes-sloom
@dsr-rollback-org-elmen-blues-berth-nukes/dsr-rollback-elmen-blues-berth-nukes
@dsr-rollback-org-eloin-livor-tways-chyle/dsr-rollback-eloin-livor-tways-chyle
@dsr-rollback-org-elope-boost-aitch-aroba/dsr-rollback-elope-boost-aitch-aroba
@dsr-rollback-org-elops-testy-swarf-gadso/dsr-rollback-elops-testy-swarf-gadso
@dsr-rollback-org-elops-vells-toyer-beret/dsr-rollback-elops-vells-toyer-beret
@dsr-rollback-org-elute-degum-bigae-lymes/dsr-rollback-elute-degum-bigae-lymes
@dsr-rollback-org-elute-mercy-deans-dills/dsr-rollback-elute-mercy-deans-dills
@dsr-rollback-org-embar-kinin-scrog-swans/dsr-rollback-package-embar-kinin-scrog-swans
@dsr-rollback-org-ember-styes-brows-picky/dsr-rollback-ember-styes-brows-picky
@dsr-rollback-org-emcee-coned-drown-jalap/dsr-rollback-emcee-coned-drown-jalap
@dsr-rollback-org-emmer-hovel-relic-sagum/dsr-rollback-emmer-hovel-relic-sagum
@dsr-rollback-org-emmet-maaed-borel-hymns/dsr-rollback-emmet-maaed-borel-hymns
@dsr-rollback-org-emule-skols-brees-daffs/dsr-rollback-emule-skols-brees-daffs
@dsr-rollback-org-emure-brava-siled-sarod/dsr-rollback-emure-brava-siled-sarod
@dsr-rollback-org-enate-stank-olent-stake/dsr-rollback-enate-stank-olent-stake
@dsr-rollback-org-endow-honey-balus-jinks/dsr-rollback-endow-honey-balus-jinks
@dsr-rollback-org-enemy-tents-brute-clomp/dsr-rollback-enemy-tents-brute-clomp
@dsr-rollback-org-enfix-zines-jeton-monos/dsr-rollback-enfix-zines-jeton-monos
@dsr-rollback-org-ensue-neals-wends-caret/dsr-rollback-ensue-neals-wends-caret
@dsr-rollback-org-enure-twyer-yenta-verso/dsr-rollback-enure-twyer-yenta-verso
@dsr-rollback-org-eorls-curvy-slice-unfix/dsr-rollback-eorls-curvy-slice-unfix
@dsr-rollback-org-eorls-humid-trail-vitae/dsr-rollback-eorls-humid-trail-vitae
@dsr-rollback-org-epees-dills-tubby-proem/dsr-rollback-epees-dills-tubby-proem
@dsr-rollback-org-epode-bluer-mento-store/dsr-rollback-epode-bluer-mento-store
@dsr-rollback-org-equal-exist-tirls-skits/dsr-rollback-equal-exist-tirls-skits
@dsr-rollback-org-equip-ebbed-fraud-binds/dsr-rollback-equip-ebbed-fraud-binds
@dsr-rollback-org-equip-hoper-cushy-wacks/dsr-rollback-package-equip-hoper-cushy-wacks
@dsr-rollback-org-erbia-moves-pauas-gaids/dsr-rollback-erbia-moves-pauas-gaids
@dsr-rollback-org-ergot-runic-nodes-tajes/dsr-rollback-ergot-runic-nodes-tajes
@dsr-rollback-org-erred-laded-remix-fines/dsr-rollback-erred-laded-remix-fines
@dsr-rollback-org-erred-mends-taths-pique/dsr-rollback-erred-mends-taths-pique
@dsr-rollback-org-erred-slats-clunk-riled/dsr-rollback-package-erred-slats-clunk-riled
@dsr-rollback-org-erses-amity-solan-genus/dsr-rollback-package-erses-amity-solan-genus
@dsr-rollback-org-erses-coset-ovens-sower/dsr-rollback-erses-coset-ovens-sower
@dsr-rollback-org-eruct-incur-zanze-novum/dsr-rollback-eruct-incur-zanze-novum
@dsr-rollback-org-estop-slick-ephah-spine/dsr-rollback-estop-slick-ephah-spine
@dsr-rollback-org-estop-slyer-allee-kulak/dsr-rollback-package-estop-slyer-allee-kulak
@dsr-rollback-org-ethal-minge-torus-burly/dsr-rollback-ethal-minge-torus-burly
@dsr-rollback-org-ethos-loins-abhor-cajun/dsr-rollback-ethos-loins-abhor-cajun
@dsr-rollback-org-ettle-dames-hokku-admit/dsr-rollback-package-ettle-dames-hokku-admit
@dsr-rollback-org-etuis-tepal-krone-owari/dsr-rollback-etuis-tepal-krone-owari
@dsr-rollback-org-etyma-lisle-levin-matzo/dsr-rollback-package-etyma-lisle-levin-matzo
@dsr-rollback-org-etyma-roams-virga-matte/dsr-rollback-package-etyma-roams-virga-matte
@dsr-rollback-org-euros-blash-scuff-dreys/dsr-rollback-euros-blash-scuff-dreys
@dsr-rollback-org-eusol-bugle-amble-guiro/dsr-rollback-package-eusol-bugle-amble-guiro
@dsr-rollback-org-evens-third-prams-vulns/dsr-rollback-evens-third-prams-vulns
@dsr-rollback-org-evert-troth-pipal-girth/dsr-rollback-package-evert-troth-pipal-girth
@dsr-rollback-org-evoes-napoo-waken-tents/dsr-rollback-evoes-napoo-waken-tents
@dsr-rollback-org-evoes-peris-urged-ovary/dsr-rollback-evoes-peris-urged-ovary
@dsr-rollback-org-ewked-ayelp-eking-tides/dsr-rollback-ewked-ayelp-eking-tides
@dsr-rollback-org-exams-piton-washy-diwan/dsr-rollback-exams-piton-washy-diwan
@dsr-rollback-org-exams-sirup-jeffs-brisk/dsr-rollback-exams-sirup-jeffs-brisk
@dsr-rollback-org-exine-wends-mells-gaped/dsr-rollback-exine-wends-mells-gaped
@dsr-rollback-org-exons-adopt-rimus-twang/dsr-rollback-exons-adopt-rimus-twang
@dsr-rollback-org-expel-bonce-lytta-crocs/dsr-rollback-expel-bonce-lytta-crocs
@dsr-rollback-org-expel-lisle-kites-stend/dsr-rollback-expel-lisle-kites-stend
@dsr-rollback-org-extol-bongs-stour-maund/dsr-rollback-extol-bongs-stour-maund
@dsr-rollback-org-extra-flows-lings-hiked/dsr-rollback-extra-flows-lings-hiked
@dsr-rollback-org-exude-alula-ranas-oxter/dsr-rollback-exude-alula-ranas-oxter
@dsr-rollback-org-exult-murva-thema-scudo/dsr-rollback-exult-murva-thema-scudo
@dsr-rollback-org-exurb-zetas-avgas-cadge/dsr-rollback-package-exurb-zetas-avgas-cadge
@dsr-rollback-org-eyrie-moory-maven-trues/dsr-rollback-eyrie-moory-maven-trues